-- Tightrope Tracker seed -- generated by db/seed/generate.ts
-- Do not edit by hand. Regenerate with: pnpm tsx db/seed/generate.ts > db/seed/seed.sql
-- D1 wraps executions in a DO transaction automatically -- do not emit BEGIN/COMMIT here.

DELETE FROM indicator_observations;
DELETE FROM pillar_scores;
DELETE FROM headline_scores;
DELETE FROM delivery_commitments;
DELETE FROM timeline_events;
DELETE FROM today_movements;
DELETE FROM ingestion_audit;

INSERT INTO pillar_scores (pillar_id, observed_at, value, band) VALUES ('market', '2026-01-18T14:02:00.000Z', 48.304, 'strained');
INSERT INTO pillar_scores (pillar_id, observed_at, value, band) VALUES ('fiscal', '2026-01-18T14:02:00.000Z', 51.220, 'strained');
INSERT INTO pillar_scores (pillar_id, observed_at, value, band) VALUES ('labour', '2026-01-18T14:02:00.000Z', 67.900, 'acute');
INSERT INTO pillar_scores (pillar_id, observed_at, value, band) VALUES ('delivery', '2026-01-18T14:02:00.000Z', 46.645, 'strained');
INSERT INTO headline_scores (observed_at, value, band, dominant, editorial) VALUES ('2026-01-18T14:02:00.000Z', 52.442, 'strained', 'market', 'Market Pressure is the dominant pillar; pressure is broadly unchanged (flat 0.0 on the week).');
INSERT INTO pillar_scores (pillar_id, observed_at, value, band) VALUES ('market', '2026-01-19T14:02:00.000Z', 47.299, 'strained');
INSERT INTO pillar_scores (pillar_id, observed_at, value, band) VALUES ('fiscal', '2026-01-19T14:02:00.000Z', 52.315, 'strained');
INSERT INTO pillar_scores (pillar_id, observed_at, value, band) VALUES ('labour', '2026-01-19T14:02:00.000Z', 67.441, 'acute');
INSERT INTO pillar_scores (pillar_id, observed_at, value, band) VALUES ('delivery', '2026-01-19T14:02:00.000Z', 47.441, 'strained');
INSERT INTO headline_scores (observed_at, value, band, dominant, editorial) VALUES ('2026-01-19T14:02:00.000Z', 52.351, 'strained', 'market', 'Market Pressure is the dominant pillar; pressure is broadly unchanged (flat 0.0 on the week).');
INSERT INTO pillar_scores (pillar_id, observed_at, value, band) VALUES ('market', '2026-01-20T14:02:00.000Z', 49.506, 'strained');
INSERT INTO pillar_scores (pillar_id, observed_at, value, band) VALUES ('fiscal', '2026-01-20T14:02:00.000Z', 51.799, 'strained');
INSERT INTO pillar_scores (pillar_id, observed_at, value, band) VALUES ('labour', '2026-01-20T14:02:00.000Z', 68.497, 'acute');
INSERT INTO pillar_scores (pillar_id, observed_at, value, band) VALUES ('delivery', '2026-01-20T14:02:00.000Z', 48.368, 'strained');
INSERT INTO headline_scores (observed_at, value, band, dominant, editorial) VALUES ('2026-01-20T14:02:00.000Z', 53.426, 'strained', 'market', 'Market Pressure is the dominant pillar; pressure is broadly unchanged (flat 0.0 on the week).');
INSERT INTO pillar_scores (pillar_id, observed_at, value, band) VALUES ('market', '2026-01-21T14:02:00.000Z', 47.009, 'strained');
INSERT INTO pillar_scores (pillar_id, observed_at, value, band) VALUES ('fiscal', '2026-01-21T14:02:00.000Z', 52.163, 'strained');
INSERT INTO pillar_scores (pillar_id, observed_at, value, band) VALUES ('labour', '2026-01-21T14:02:00.000Z', 68.597, 'acute');
INSERT INTO pillar_scores (pillar_id, observed_at, value, band) VALUES ('delivery', '2026-01-21T14:02:00.000Z', 47.864, 'strained');
INSERT INTO headline_scores (observed_at, value, band, dominant, editorial) VALUES ('2026-01-21T14:02:00.000Z', 52.401, 'strained', 'market', 'Market Pressure is the dominant pillar; pressure is broadly unchanged (flat 0.0 on the week).');
INSERT INTO pillar_scores (pillar_id, observed_at, value, band) VALUES ('market', '2026-01-22T14:02:00.000Z', 49.529, 'strained');
INSERT INTO pillar_scores (pillar_id, observed_at, value, band) VALUES ('fiscal', '2026-01-22T14:02:00.000Z', 53.085, 'strained');
INSERT INTO pillar_scores (pillar_id, observed_at, value, band) VALUES ('labour', '2026-01-22T14:02:00.000Z', 68.601, 'acute');
INSERT INTO pillar_scores (pillar_id, observed_at, value, band) VALUES ('delivery', '2026-01-22T14:02:00.000Z', 48.142, 'strained');
INSERT INTO headline_scores (observed_at, value, band, dominant, editorial) VALUES ('2026-01-22T14:02:00.000Z', 53.821, 'strained', 'market', 'Market Pressure is the dominant pillar; pressure is broadly unchanged (flat 0.0 on the week).');
INSERT INTO pillar_scores (pillar_id, observed_at, value, band) VALUES ('market', '2026-01-23T14:02:00.000Z', 50.134, 'strained');
INSERT INTO pillar_scores (pillar_id, observed_at, value, band) VALUES ('fiscal', '2026-01-23T14:02:00.000Z', 52.465, 'strained');
INSERT INTO pillar_scores (pillar_id, observed_at, value, band) VALUES ('labour', '2026-01-23T14:02:00.000Z', 69.163, 'acute');
INSERT INTO pillar_scores (pillar_id, observed_at, value, band) VALUES ('delivery', '2026-01-23T14:02:00.000Z', 48.917, 'strained');
INSERT INTO headline_scores (observed_at, value, band, dominant, editorial) VALUES ('2026-01-23T14:02:00.000Z', 54.067, 'strained', 'market', 'Market Pressure is the dominant pillar; pressure is broadly unchanged (flat 0.0 on the week).');
INSERT INTO pillar_scores (pillar_id, observed_at, value, band) VALUES ('market', '2026-01-24T14:02:00.000Z', 49.293, 'strained');
INSERT INTO pillar_scores (pillar_id, observed_at, value, band) VALUES ('fiscal', '2026-01-24T14:02:00.000Z', 54.545, 'strained');
INSERT INTO pillar_scores (pillar_id, observed_at, value, band) VALUES ('labour', '2026-01-24T14:02:00.000Z', 68.857, 'acute');
INSERT INTO pillar_scores (pillar_id, observed_at, value, band) VALUES ('delivery', '2026-01-24T14:02:00.000Z', 48.322, 'strained');
INSERT INTO headline_scores (observed_at, value, band, dominant, editorial) VALUES ('2026-01-24T14:02:00.000Z', 54.218, 'strained', 'market', 'Market Pressure is the dominant pillar; pressure is broadly unchanged (flat 0.0 on the week).');
INSERT INTO pillar_scores (pillar_id, observed_at, value, band) VALUES ('market', '2026-01-25T14:02:00.000Z', 51.277, 'strained');
INSERT INTO pillar_scores (pillar_id, observed_at, value, band) VALUES ('fiscal', '2026-01-25T14:02:00.000Z', 54.944, 'strained');
INSERT INTO pillar_scores (pillar_id, observed_at, value, band) VALUES ('labour', '2026-01-25T14:02:00.000Z', 67.620, 'acute');
INSERT INTO pillar_scores (pillar_id, observed_at, value, band) VALUES ('delivery', '2026-01-25T14:02:00.000Z', 50.126, 'strained');
INSERT INTO headline_scores (observed_at, value, band, dominant, editorial) VALUES ('2026-01-25T14:02:00.000Z', 55.204, 'strained', 'market', 'Market Pressure is the dominant pillar; pressure is broadly unchanged (flat 0.0 on the week).');
INSERT INTO pillar_scores (pillar_id, observed_at, value, band) VALUES ('market', '2026-01-26T14:02:00.000Z', 50.470, 'strained');
INSERT INTO pillar_scores (pillar_id, observed_at, value, band) VALUES ('fiscal', '2026-01-26T14:02:00.000Z', 51.854, 'strained');
INSERT INTO pillar_scores (pillar_id, observed_at, value, band) VALUES ('labour', '2026-01-26T14:02:00.000Z', 68.144, 'acute');
INSERT INTO pillar_scores (pillar_id, observed_at, value, band) VALUES ('delivery', '2026-01-26T14:02:00.000Z', 50.439, 'strained');
INSERT INTO headline_scores (observed_at, value, band, dominant, editorial) VALUES ('2026-01-26T14:02:00.000Z', 54.027, 'strained', 'market', 'Market Pressure is the dominant pillar; pressure is rising (up 1.7 on the week).');
INSERT INTO pillar_scores (pillar_id, observed_at, value, band) VALUES ('market', '2026-01-27T14:02:00.000Z', 50.059, 'strained');
INSERT INTO pillar_scores (pillar_id, observed_at, value, band) VALUES ('fiscal', '2026-01-27T14:02:00.000Z', 54.567, 'strained');
INSERT INTO pillar_scores (pillar_id, observed_at, value, band) VALUES ('labour', '2026-01-27T14:02:00.000Z', 67.402, 'acute');
INSERT INTO pillar_scores (pillar_id, observed_at, value, band) VALUES ('delivery', '2026-01-27T14:02:00.000Z', 47.649, 'strained');
INSERT INTO headline_scores (observed_at, value, band, dominant, editorial) VALUES ('2026-01-27T14:02:00.000Z', 54.252, 'strained', 'market', 'Market Pressure is the dominant pillar; pressure is rising (up 0.8 on the week).');
INSERT INTO pillar_scores (pillar_id, observed_at, value, band) VALUES ('market', '2026-01-28T14:02:00.000Z', 52.024, 'strained');
INSERT INTO pillar_scores (pillar_id, observed_at, value, band) VALUES ('fiscal', '2026-01-28T14:02:00.000Z', 53.491, 'strained');
INSERT INTO pillar_scores (pillar_id, observed_at, value, band) VALUES ('labour', '2026-01-28T14:02:00.000Z', 67.698, 'acute');
INSERT INTO pillar_scores (pillar_id, observed_at, value, band) VALUES ('delivery', '2026-01-28T14:02:00.000Z', 50.019, 'strained');
INSERT INTO headline_scores (observed_at, value, band, dominant, editorial) VALUES ('2026-01-28T14:02:00.000Z', 55.080, 'strained', 'market', 'Market Pressure is the dominant pillar; pressure is rising (up 2.7 on the week).');
INSERT INTO pillar_scores (pillar_id, observed_at, value, band) VALUES ('market', '2026-01-29T14:02:00.000Z', 55.713, 'strained');
INSERT INTO pillar_scores (pillar_id, observed_at, value, band) VALUES ('fiscal', '2026-01-29T14:02:00.000Z', 54.156, 'strained');
INSERT INTO pillar_scores (pillar_id, observed_at, value, band) VALUES ('labour', '2026-01-29T14:02:00.000Z', 67.795, 'acute');
INSERT INTO pillar_scores (pillar_id, observed_at, value, band) VALUES ('delivery', '2026-01-29T14:02:00.000Z', 49.020, 'strained');
INSERT INTO headline_scores (observed_at, value, band, dominant, editorial) VALUES ('2026-01-29T14:02:00.000Z', 56.722, 'strained', 'market', 'Market Pressure is the dominant pillar; pressure is rising (up 2.9 on the week).');
INSERT INTO pillar_scores (pillar_id, observed_at, value, band) VALUES ('market', '2026-01-30T14:02:00.000Z', 52.344, 'strained');
INSERT INTO pillar_scores (pillar_id, observed_at, value, band) VALUES ('fiscal', '2026-01-30T14:02:00.000Z', 53.240, 'strained');
INSERT INTO pillar_scores (pillar_id, observed_at, value, band) VALUES ('labour', '2026-01-30T14:02:00.000Z', 68.548, 'acute');
INSERT INTO pillar_scores (pillar_id, observed_at, value, band) VALUES ('delivery', '2026-01-30T14:02:00.000Z', 49.570, 'strained');
INSERT INTO headline_scores (observed_at, value, band, dominant, editorial) VALUES ('2026-01-30T14:02:00.000Z', 55.225, 'strained', 'market', 'Market Pressure is the dominant pillar; pressure is rising (up 1.2 on the week).');
INSERT INTO pillar_scores (pillar_id, observed_at, value, band) VALUES ('market', '2026-01-31T14:02:00.000Z', 56.916, 'strained');
INSERT INTO pillar_scores (pillar_id, observed_at, value, band) VALUES ('fiscal', '2026-01-31T14:02:00.000Z', 54.299, 'strained');
INSERT INTO pillar_scores (pillar_id, observed_at, value, band) VALUES ('labour', '2026-01-31T14:02:00.000Z', 69.857, 'acute');
INSERT INTO pillar_scores (pillar_id, observed_at, value, band) VALUES ('delivery', '2026-01-31T14:02:00.000Z', 48.715, 'strained');
INSERT INTO headline_scores (observed_at, value, band, dominant, editorial) VALUES ('2026-01-31T14:02:00.000Z', 57.562, 'strained', 'market', 'Market Pressure is the dominant pillar; pressure is rising (up 3.3 on the week).');
INSERT INTO pillar_scores (pillar_id, observed_at, value, band) VALUES ('market', '2026-02-01T14:02:00.000Z', 56.921, 'strained');
INSERT INTO pillar_scores (pillar_id, observed_at, value, band) VALUES ('fiscal', '2026-02-01T14:02:00.000Z', 53.042, 'strained');
INSERT INTO pillar_scores (pillar_id, observed_at, value, band) VALUES ('labour', '2026-02-01T14:02:00.000Z', 69.817, 'acute');
INSERT INTO pillar_scores (pillar_id, observed_at, value, band) VALUES ('delivery', '2026-02-01T14:02:00.000Z', 49.616, 'strained');
INSERT INTO headline_scores (observed_at, value, band, dominant, editorial) VALUES ('2026-02-01T14:02:00.000Z', 57.259, 'strained', 'market', 'Market Pressure is the dominant pillar; pressure is rising (up 2.1 on the week).');
INSERT INTO pillar_scores (pillar_id, observed_at, value, band) VALUES ('market', '2026-02-02T14:02:00.000Z', 57.020, 'strained');
INSERT INTO pillar_scores (pillar_id, observed_at, value, band) VALUES ('fiscal', '2026-02-02T14:02:00.000Z', 56.198, 'strained');
INSERT INTO pillar_scores (pillar_id, observed_at, value, band) VALUES ('labour', '2026-02-02T14:02:00.000Z', 70.457, 'acute');
INSERT INTO pillar_scores (pillar_id, observed_at, value, band) VALUES ('delivery', '2026-02-02T14:02:00.000Z', 48.459, 'strained');
INSERT INTO headline_scores (observed_at, value, band, dominant, editorial) VALUES ('2026-02-02T14:02:00.000Z', 58.271, 'strained', 'market', 'Market Pressure is the dominant pillar; pressure is rising (up 4.2 on the week).');
INSERT INTO pillar_scores (pillar_id, observed_at, value, band) VALUES ('market', '2026-02-03T14:02:00.000Z', 54.193, 'strained');
INSERT INTO pillar_scores (pillar_id, observed_at, value, band) VALUES ('fiscal', '2026-02-03T14:02:00.000Z', 54.648, 'strained');
INSERT INTO pillar_scores (pillar_id, observed_at, value, band) VALUES ('labour', '2026-02-03T14:02:00.000Z', 69.764, 'acute');
INSERT INTO pillar_scores (pillar_id, observed_at, value, band) VALUES ('delivery', '2026-02-03T14:02:00.000Z', 51.226, 'strained');
INSERT INTO headline_scores (observed_at, value, band, dominant, editorial) VALUES ('2026-02-03T14:02:00.000Z', 56.823, 'strained', 'market', 'Market Pressure is the dominant pillar; pressure is rising (up 2.6 on the week).');
INSERT INTO pillar_scores (pillar_id, observed_at, value, band) VALUES ('market', '2026-02-04T14:02:00.000Z', 58.518, 'strained');
INSERT INTO pillar_scores (pillar_id, observed_at, value, band) VALUES ('fiscal', '2026-02-04T14:02:00.000Z', 54.115, 'strained');
INSERT INTO pillar_scores (pillar_id, observed_at, value, band) VALUES ('labour', '2026-02-04T14:02:00.000Z', 70.168, 'acute');
INSERT INTO pillar_scores (pillar_id, observed_at, value, band) VALUES ('delivery', '2026-02-04T14:02:00.000Z', 49.809, 'strained');
INSERT INTO headline_scores (observed_at, value, band, dominant, editorial) VALUES ('2026-02-04T14:02:00.000Z', 58.327, 'strained', 'market', 'Market Pressure is the dominant pillar; pressure is rising (up 3.2 on the week).');
INSERT INTO pillar_scores (pillar_id, observed_at, value, band) VALUES ('market', '2026-02-05T14:02:00.000Z', 55.735, 'strained');
INSERT INTO pillar_scores (pillar_id, observed_at, value, band) VALUES ('fiscal', '2026-02-05T14:02:00.000Z', 55.307, 'strained');
INSERT INTO pillar_scores (pillar_id, observed_at, value, band) VALUES ('labour', '2026-02-05T14:02:00.000Z', 69.656, 'acute');
INSERT INTO pillar_scores (pillar_id, observed_at, value, band) VALUES ('delivery', '2026-02-05T14:02:00.000Z', 49.297, 'strained');
INSERT INTO headline_scores (observed_at, value, band, dominant, editorial) VALUES ('2026-02-05T14:02:00.000Z', 57.433, 'strained', 'market', 'Market Pressure is the dominant pillar; pressure is rising (up 0.7 on the week).');
INSERT INTO pillar_scores (pillar_id, observed_at, value, band) VALUES ('market', '2026-02-06T14:02:00.000Z', 56.135, 'strained');
INSERT INTO pillar_scores (pillar_id, observed_at, value, band) VALUES ('fiscal', '2026-02-06T14:02:00.000Z', 56.638, 'strained');
INSERT INTO pillar_scores (pillar_id, observed_at, value, band) VALUES ('labour', '2026-02-06T14:02:00.000Z', 68.913, 'acute');
INSERT INTO pillar_scores (pillar_id, observed_at, value, band) VALUES ('delivery', '2026-02-06T14:02:00.000Z', 50.319, 'strained');
INSERT INTO headline_scores (observed_at, value, band, dominant, editorial) VALUES ('2026-02-06T14:02:00.000Z', 58.004, 'strained', 'market', 'Market Pressure is the dominant pillar; pressure is rising (up 2.8 on the week).');
INSERT INTO pillar_scores (pillar_id, observed_at, value, band) VALUES ('market', '2026-02-07T14:02:00.000Z', 60.873, 'acute');
INSERT INTO pillar_scores (pillar_id, observed_at, value, band) VALUES ('fiscal', '2026-02-07T14:02:00.000Z', 55.629, 'strained');
INSERT INTO pillar_scores (pillar_id, observed_at, value, band) VALUES ('labour', '2026-02-07T14:02:00.000Z', 68.335, 'acute');
INSERT INTO pillar_scores (pillar_id, observed_at, value, band) VALUES ('delivery', '2026-02-07T14:02:00.000Z', 51.465, 'strained');
INSERT INTO headline_scores (observed_at, value, band, dominant, editorial) VALUES ('2026-02-07T14:02:00.000Z', 59.627, 'strained', 'market', 'Market Pressure is the dominant pillar; pressure is rising (up 2.1 on the week).');
INSERT INTO pillar_scores (pillar_id, observed_at, value, band) VALUES ('market', '2026-02-08T14:02:00.000Z', 59.740, 'strained');
INSERT INTO pillar_scores (pillar_id, observed_at, value, band) VALUES ('fiscal', '2026-02-08T14:02:00.000Z', 57.236, 'strained');
INSERT INTO pillar_scores (pillar_id, observed_at, value, band) VALUES ('labour', '2026-02-08T14:02:00.000Z', 68.576, 'acute');
INSERT INTO pillar_scores (pillar_id, observed_at, value, band) VALUES ('delivery', '2026-02-08T14:02:00.000Z', 50.532, 'strained');
INSERT INTO headline_scores (observed_at, value, band, dominant, editorial) VALUES ('2026-02-08T14:02:00.000Z', 59.621, 'strained', 'market', 'Market Pressure is the dominant pillar; pressure is rising (up 2.4 on the week).');
INSERT INTO pillar_scores (pillar_id, observed_at, value, band) VALUES ('market', '2026-02-09T14:02:00.000Z', 59.402, 'strained');
INSERT INTO pillar_scores (pillar_id, observed_at, value, band) VALUES ('fiscal', '2026-02-09T14:02:00.000Z', 56.056, 'strained');
INSERT INTO pillar_scores (pillar_id, observed_at, value, band) VALUES ('labour', '2026-02-09T14:02:00.000Z', 69.421, 'acute');
INSERT INTO pillar_scores (pillar_id, observed_at, value, band) VALUES ('delivery', '2026-02-09T14:02:00.000Z', 51.924, 'strained');
INSERT INTO headline_scores (observed_at, value, band, dominant, editorial) VALUES ('2026-02-09T14:02:00.000Z', 59.422, 'strained', 'market', 'Market Pressure is the dominant pillar; pressure is rising (up 1.2 on the week).');
INSERT INTO pillar_scores (pillar_id, observed_at, value, band) VALUES ('market', '2026-02-10T14:02:00.000Z', 60.812, 'acute');
INSERT INTO pillar_scores (pillar_id, observed_at, value, band) VALUES ('fiscal', '2026-02-10T14:02:00.000Z', 57.798, 'strained');
INSERT INTO pillar_scores (pillar_id, observed_at, value, band) VALUES ('labour', '2026-02-10T14:02:00.000Z', 69.007, 'acute');
INSERT INTO pillar_scores (pillar_id, observed_at, value, band) VALUES ('delivery', '2026-02-10T14:02:00.000Z', 50.840, 'strained');
INSERT INTO headline_scores (observed_at, value, band, dominant, editorial) VALUES ('2026-02-10T14:02:00.000Z', 60.335, 'acute', 'market', 'Market Pressure is the dominant pillar; pressure is rising (up 3.5 on the week).');
INSERT INTO pillar_scores (pillar_id, observed_at, value, band) VALUES ('market', '2026-02-11T14:02:00.000Z', 59.419, 'strained');
INSERT INTO pillar_scores (pillar_id, observed_at, value, band) VALUES ('fiscal', '2026-02-11T14:02:00.000Z', 57.086, 'strained');
INSERT INTO pillar_scores (pillar_id, observed_at, value, band) VALUES ('labour', '2026-02-11T14:02:00.000Z', 71.159, 'acute');
INSERT INTO pillar_scores (pillar_id, observed_at, value, band) VALUES ('delivery', '2026-02-11T14:02:00.000Z', 52.353, 'strained');
INSERT INTO headline_scores (observed_at, value, band, dominant, editorial) VALUES ('2026-02-11T14:02:00.000Z', 60.099, 'acute', 'market', 'Market Pressure is the dominant pillar; pressure is rising (up 1.8 on the week).');
INSERT INTO pillar_scores (pillar_id, observed_at, value, band) VALUES ('market', '2026-02-12T14:02:00.000Z', 60.108, 'acute');
INSERT INTO pillar_scores (pillar_id, observed_at, value, band) VALUES ('fiscal', '2026-02-12T14:02:00.000Z', 57.299, 'strained');
INSERT INTO pillar_scores (pillar_id, observed_at, value, band) VALUES ('labour', '2026-02-12T14:02:00.000Z', 70.561, 'acute');
INSERT INTO pillar_scores (pillar_id, observed_at, value, band) VALUES ('delivery', '2026-02-12T14:02:00.000Z', 51.685, 'strained');
INSERT INTO headline_scores (observed_at, value, band, dominant, editorial) VALUES ('2026-02-12T14:02:00.000Z', 60.265, 'acute', 'market', 'Market Pressure is the dominant pillar; pressure is rising (up 2.8 on the week).');
INSERT INTO pillar_scores (pillar_id, observed_at, value, band) VALUES ('market', '2026-02-13T14:02:00.000Z', 60.513, 'acute');
INSERT INTO pillar_scores (pillar_id, observed_at, value, band) VALUES ('fiscal', '2026-02-13T14:02:00.000Z', 54.978, 'strained');
INSERT INTO pillar_scores (pillar_id, observed_at, value, band) VALUES ('labour', '2026-02-13T14:02:00.000Z', 69.902, 'acute');
INSERT INTO pillar_scores (pillar_id, observed_at, value, band) VALUES ('delivery', '2026-02-13T14:02:00.000Z', 51.841, 'strained');
INSERT INTO headline_scores (observed_at, value, band, dominant, editorial) VALUES ('2026-02-13T14:02:00.000Z', 59.589, 'strained', 'market', 'Market Pressure is the dominant pillar; pressure is rising (up 1.6 on the week).');
INSERT INTO pillar_scores (pillar_id, observed_at, value, band) VALUES ('market', '2026-02-14T14:02:00.000Z', 61.399, 'acute');
INSERT INTO pillar_scores (pillar_id, observed_at, value, band) VALUES ('fiscal', '2026-02-14T14:02:00.000Z', 55.770, 'strained');
INSERT INTO pillar_scores (pillar_id, observed_at, value, band) VALUES ('labour', '2026-02-14T14:02:00.000Z', 69.894, 'acute');
INSERT INTO pillar_scores (pillar_id, observed_at, value, band) VALUES ('delivery', '2026-02-14T14:02:00.000Z', 49.744, 'strained');
INSERT INTO headline_scores (observed_at, value, band, dominant, editorial) VALUES ('2026-02-14T14:02:00.000Z', 59.944, 'strained', 'market', 'Market Pressure is the dominant pillar; pressure is rising (up 0.3 on the week).');
INSERT INTO pillar_scores (pillar_id, observed_at, value, band) VALUES ('market', '2026-02-15T14:02:00.000Z', 61.910, 'acute');
INSERT INTO pillar_scores (pillar_id, observed_at, value, band) VALUES ('fiscal', '2026-02-15T14:02:00.000Z', 56.295, 'strained');
INSERT INTO pillar_scores (pillar_id, observed_at, value, band) VALUES ('labour', '2026-02-15T14:02:00.000Z', 70.188, 'acute');
INSERT INTO pillar_scores (pillar_id, observed_at, value, band) VALUES ('delivery', '2026-02-15T14:02:00.000Z', 50.415, 'strained');
INSERT INTO headline_scores (observed_at, value, band, dominant, editorial) VALUES ('2026-02-15T14:02:00.000Z', 60.444, 'acute', 'market', 'Market Pressure is the dominant pillar; pressure is rising (up 0.8 on the week).');
INSERT INTO pillar_scores (pillar_id, observed_at, value, band) VALUES ('market', '2026-02-16T14:02:00.000Z', 65.833, 'acute');
INSERT INTO pillar_scores (pillar_id, observed_at, value, band) VALUES ('fiscal', '2026-02-16T14:02:00.000Z', 55.649, 'strained');
INSERT INTO pillar_scores (pillar_id, observed_at, value, band) VALUES ('labour', '2026-02-16T14:02:00.000Z', 70.135, 'acute');
INSERT INTO pillar_scores (pillar_id, observed_at, value, band) VALUES ('delivery', '2026-02-16T14:02:00.000Z', 50.849, 'strained');
INSERT INTO headline_scores (observed_at, value, band, dominant, editorial) VALUES ('2026-02-16T14:02:00.000Z', 61.777, 'acute', 'market', 'Market Pressure is the dominant pillar; pressure is rising (up 2.4 on the week).');
INSERT INTO pillar_scores (pillar_id, observed_at, value, band) VALUES ('market', '2026-02-17T14:02:00.000Z', 62.960, 'acute');
INSERT INTO pillar_scores (pillar_id, observed_at, value, band) VALUES ('fiscal', '2026-02-17T14:02:00.000Z', 55.761, 'strained');
INSERT INTO pillar_scores (pillar_id, observed_at, value, band) VALUES ('labour', '2026-02-17T14:02:00.000Z', 70.109, 'acute');
INSERT INTO pillar_scores (pillar_id, observed_at, value, band) VALUES ('delivery', '2026-02-17T14:02:00.000Z', 50.243, 'strained');
INSERT INTO headline_scores (observed_at, value, band, dominant, editorial) VALUES ('2026-02-17T14:02:00.000Z', 60.644, 'acute', 'market', 'Market Pressure is the dominant pillar; pressure is rising (up 0.3 on the week).');
INSERT INTO pillar_scores (pillar_id, observed_at, value, band) VALUES ('market', '2026-02-18T14:02:00.000Z', 64.219, 'acute');
INSERT INTO pillar_scores (pillar_id, observed_at, value, band) VALUES ('fiscal', '2026-02-18T14:02:00.000Z', 55.524, 'strained');
INSERT INTO pillar_scores (pillar_id, observed_at, value, band) VALUES ('labour', '2026-02-18T14:02:00.000Z', 69.792, 'acute');
INSERT INTO pillar_scores (pillar_id, observed_at, value, band) VALUES ('delivery', '2026-02-18T14:02:00.000Z', 50.311, 'strained');
INSERT INTO headline_scores (observed_at, value, band, dominant, editorial) VALUES ('2026-02-18T14:02:00.000Z', 61.001, 'acute', 'market', 'Market Pressure is the dominant pillar; pressure is rising (up 0.9 on the week).');
INSERT INTO pillar_scores (pillar_id, observed_at, value, band) VALUES ('market', '2026-02-19T14:02:00.000Z', 65.918, 'acute');
INSERT INTO pillar_scores (pillar_id, observed_at, value, band) VALUES ('fiscal', '2026-02-19T14:02:00.000Z', 58.437, 'strained');
INSERT INTO pillar_scores (pillar_id, observed_at, value, band) VALUES ('labour', '2026-02-19T14:02:00.000Z', 70.448, 'acute');
INSERT INTO pillar_scores (pillar_id, observed_at, value, band) VALUES ('delivery', '2026-02-19T14:02:00.000Z', 50.069, 'strained');
INSERT INTO headline_scores (observed_at, value, band, dominant, editorial) VALUES ('2026-02-19T14:02:00.000Z', 62.681, 'acute', 'market', 'Market Pressure is the dominant pillar; pressure is rising (up 2.4 on the week).');
INSERT INTO pillar_scores (pillar_id, observed_at, value, band) VALUES ('market', '2026-02-20T14:02:00.000Z', 67.401, 'acute');
INSERT INTO pillar_scores (pillar_id, observed_at, value, band) VALUES ('fiscal', '2026-02-20T14:02:00.000Z', 57.802, 'strained');
INSERT INTO pillar_scores (pillar_id, observed_at, value, band) VALUES ('labour', '2026-02-20T14:02:00.000Z', 70.517, 'acute');
INSERT INTO pillar_scores (pillar_id, observed_at, value, band) VALUES ('delivery', '2026-02-20T14:02:00.000Z', 52.628, 'strained');
INSERT INTO headline_scores (observed_at, value, band, dominant, editorial) VALUES ('2026-02-20T14:02:00.000Z', 63.362, 'acute', 'market', 'Market Pressure is the dominant pillar; pressure is rising (up 3.8 on the week).');
INSERT INTO pillar_scores (pillar_id, observed_at, value, band) VALUES ('market', '2026-02-21T14:02:00.000Z', 67.876, 'acute');
INSERT INTO pillar_scores (pillar_id, observed_at, value, band) VALUES ('fiscal', '2026-02-21T14:02:00.000Z', 56.528, 'strained');
INSERT INTO pillar_scores (pillar_id, observed_at, value, band) VALUES ('labour', '2026-02-21T14:02:00.000Z', 70.858, 'acute');
INSERT INTO pillar_scores (pillar_id, observed_at, value, band) VALUES ('delivery', '2026-02-21T14:02:00.000Z', 52.033, 'strained');
INSERT INTO headline_scores (observed_at, value, band, dominant, editorial) VALUES ('2026-02-21T14:02:00.000Z', 63.106, 'acute', 'market', 'Market Pressure is the dominant pillar; pressure is rising (up 3.2 on the week).');
INSERT INTO pillar_scores (pillar_id, observed_at, value, band) VALUES ('market', '2026-02-22T14:02:00.000Z', 64.288, 'acute');
INSERT INTO pillar_scores (pillar_id, observed_at, value, band) VALUES ('fiscal', '2026-02-22T14:02:00.000Z', 58.326, 'strained');
INSERT INTO pillar_scores (pillar_id, observed_at, value, band) VALUES ('labour', '2026-02-22T14:02:00.000Z', 70.087, 'acute');
INSERT INTO pillar_scores (pillar_id, observed_at, value, band) VALUES ('delivery', '2026-02-22T14:02:00.000Z', 50.871, 'strained');
INSERT INTO headline_scores (observed_at, value, band, dominant, editorial) VALUES ('2026-02-22T14:02:00.000Z', 62.056, 'acute', 'market', 'Market Pressure is the dominant pillar; pressure is rising (up 1.6 on the week).');
INSERT INTO pillar_scores (pillar_id, observed_at, value, band) VALUES ('market', '2026-02-23T14:02:00.000Z', 65.510, 'acute');
INSERT INTO pillar_scores (pillar_id, observed_at, value, band) VALUES ('fiscal', '2026-02-23T14:02:00.000Z', 56.440, 'strained');
INSERT INTO pillar_scores (pillar_id, observed_at, value, band) VALUES ('labour', '2026-02-23T14:02:00.000Z', 70.122, 'acute');
INSERT INTO pillar_scores (pillar_id, observed_at, value, band) VALUES ('delivery', '2026-02-23T14:02:00.000Z', 52.441, 'strained');
INSERT INTO headline_scores (observed_at, value, band, dominant, editorial) VALUES ('2026-02-23T14:02:00.000Z', 62.106, 'acute', 'market', 'Market Pressure is the dominant pillar; pressure is rising (up 0.3 on the week).');
INSERT INTO pillar_scores (pillar_id, observed_at, value, band) VALUES ('market', '2026-02-24T14:02:00.000Z', 65.312, 'acute');
INSERT INTO pillar_scores (pillar_id, observed_at, value, band) VALUES ('fiscal', '2026-02-24T14:02:00.000Z', 56.553, 'strained');
INSERT INTO pillar_scores (pillar_id, observed_at, value, band) VALUES ('labour', '2026-02-24T14:02:00.000Z', 71.139, 'acute');
INSERT INTO pillar_scores (pillar_id, observed_at, value, band) VALUES ('delivery', '2026-02-24T14:02:00.000Z', 50.735, 'strained');
INSERT INTO headline_scores (observed_at, value, band, dominant, editorial) VALUES ('2026-02-24T14:02:00.000Z', 62.042, 'acute', 'market', 'Market Pressure is the dominant pillar; pressure is rising (up 1.4 on the week).');
INSERT INTO pillar_scores (pillar_id, observed_at, value, band) VALUES ('market', '2026-02-25T14:02:00.000Z', 66.541, 'acute');
INSERT INTO pillar_scores (pillar_id, observed_at, value, band) VALUES ('fiscal', '2026-02-25T14:02:00.000Z', 59.607, 'strained');
INSERT INTO pillar_scores (pillar_id, observed_at, value, band) VALUES ('labour', '2026-02-25T14:02:00.000Z', 70.564, 'acute');
INSERT INTO pillar_scores (pillar_id, observed_at, value, band) VALUES ('delivery', '2026-02-25T14:02:00.000Z', 50.808, 'strained');
INSERT INTO headline_scores (observed_at, value, band, dominant, editorial) VALUES ('2026-02-25T14:02:00.000Z', 63.406, 'acute', 'market', 'Market Pressure is the dominant pillar; pressure is rising (up 2.4 on the week).');
INSERT INTO pillar_scores (pillar_id, observed_at, value, band) VALUES ('market', '2026-02-26T14:02:00.000Z', 68.765, 'acute');
INSERT INTO pillar_scores (pillar_id, observed_at, value, band) VALUES ('fiscal', '2026-02-26T14:02:00.000Z', 59.280, 'strained');
INSERT INTO pillar_scores (pillar_id, observed_at, value, band) VALUES ('labour', '2026-02-26T14:02:00.000Z', 69.792, 'acute');
INSERT INTO pillar_scores (pillar_id, observed_at, value, band) VALUES ('delivery', '2026-02-26T14:02:00.000Z', 53.495, 'strained');
INSERT INTO headline_scores (observed_at, value, band, dominant, editorial) VALUES ('2026-02-26T14:02:00.000Z', 64.330, 'acute', 'market', 'Market Pressure is the dominant pillar; pressure is rising (up 1.6 on the week).');
INSERT INTO pillar_scores (pillar_id, observed_at, value, band) VALUES ('market', '2026-02-27T14:02:00.000Z', 68.057, 'acute');
INSERT INTO pillar_scores (pillar_id, observed_at, value, band) VALUES ('fiscal', '2026-02-27T14:02:00.000Z', 59.438, 'strained');
INSERT INTO pillar_scores (pillar_id, observed_at, value, band) VALUES ('labour', '2026-02-27T14:02:00.000Z', 70.744, 'acute');
INSERT INTO pillar_scores (pillar_id, observed_at, value, band) VALUES ('delivery', '2026-02-27T14:02:00.000Z', 53.177, 'strained');
INSERT INTO headline_scores (observed_at, value, band, dominant, editorial) VALUES ('2026-02-27T14:02:00.000Z', 64.251, 'acute', 'market', 'Market Pressure is the dominant pillar; pressure is rising (up 0.9 on the week).');
INSERT INTO pillar_scores (pillar_id, observed_at, value, band) VALUES ('market', '2026-02-28T14:02:00.000Z', 68.193, 'acute');
INSERT INTO pillar_scores (pillar_id, observed_at, value, band) VALUES ('fiscal', '2026-02-28T14:02:00.000Z', 57.097, 'strained');
INSERT INTO pillar_scores (pillar_id, observed_at, value, band) VALUES ('labour', '2026-02-28T14:02:00.000Z', 70.344, 'acute');
INSERT INTO pillar_scores (pillar_id, observed_at, value, band) VALUES ('delivery', '2026-02-28T14:02:00.000Z', 53.292, 'strained');
INSERT INTO headline_scores (observed_at, value, band, dominant, editorial) VALUES ('2026-02-28T14:02:00.000Z', 63.473, 'acute', 'market', 'Market Pressure is the dominant pillar; pressure is rising (up 0.4 on the week).');
INSERT INTO pillar_scores (pillar_id, observed_at, value, band) VALUES ('market', '2026-03-01T14:02:00.000Z', 69.241, 'acute');
INSERT INTO pillar_scores (pillar_id, observed_at, value, band) VALUES ('fiscal', '2026-03-01T14:02:00.000Z', 58.055, 'strained');
INSERT INTO pillar_scores (pillar_id, observed_at, value, band) VALUES ('labour', '2026-03-01T14:02:00.000Z', 72.246, 'acute');
INSERT INTO pillar_scores (pillar_id, observed_at, value, band) VALUES ('delivery', '2026-03-01T14:02:00.000Z', 51.184, 'strained');
INSERT INTO headline_scores (observed_at, value, band, dominant, editorial) VALUES ('2026-03-01T14:02:00.000Z', 64.265, 'acute', 'market', 'Market Pressure is the dominant pillar; pressure is rising (up 2.2 on the week).');
INSERT INTO pillar_scores (pillar_id, observed_at, value, band) VALUES ('market', '2026-03-02T14:02:00.000Z', 67.467, 'acute');
INSERT INTO pillar_scores (pillar_id, observed_at, value, band) VALUES ('fiscal', '2026-03-02T14:02:00.000Z', 59.602, 'strained');
INSERT INTO pillar_scores (pillar_id, observed_at, value, band) VALUES ('labour', '2026-03-02T14:02:00.000Z', 72.013, 'acute');
INSERT INTO pillar_scores (pillar_id, observed_at, value, band) VALUES ('delivery', '2026-03-02T14:02:00.000Z', 52.010, 'strained');
INSERT INTO headline_scores (observed_at, value, band, dominant, editorial) VALUES ('2026-03-02T14:02:00.000Z', 64.166, 'acute', 'market', 'Market Pressure is the dominant pillar; pressure is rising (up 2.1 on the week).');
INSERT INTO pillar_scores (pillar_id, observed_at, value, band) VALUES ('market', '2026-03-03T14:02:00.000Z', 71.413, 'acute');
INSERT INTO pillar_scores (pillar_id, observed_at, value, band) VALUES ('fiscal', '2026-03-03T14:02:00.000Z', 59.915, 'strained');
INSERT INTO pillar_scores (pillar_id, observed_at, value, band) VALUES ('labour', '2026-03-03T14:02:00.000Z', 71.362, 'acute');
INSERT INTO pillar_scores (pillar_id, observed_at, value, band) VALUES ('delivery', '2026-03-03T14:02:00.000Z', 53.361, 'strained');
INSERT INTO headline_scores (observed_at, value, band, dominant, editorial) VALUES ('2026-03-03T14:02:00.000Z', 65.794, 'acute', 'market', 'Market Pressure is the dominant pillar; pressure is rising (up 3.8 on the week).');
INSERT INTO pillar_scores (pillar_id, observed_at, value, band) VALUES ('market', '2026-03-04T14:02:00.000Z', 70.312, 'acute');
INSERT INTO pillar_scores (pillar_id, observed_at, value, band) VALUES ('fiscal', '2026-03-04T14:02:00.000Z', 59.742, 'strained');
INSERT INTO pillar_scores (pillar_id, observed_at, value, band) VALUES ('labour', '2026-03-04T14:02:00.000Z', 70.000, 'acute');
INSERT INTO pillar_scores (pillar_id, observed_at, value, band) VALUES ('delivery', '2026-03-04T14:02:00.000Z', 53.614, 'strained');
INSERT INTO headline_scores (observed_at, value, band, dominant, editorial) VALUES ('2026-03-04T14:02:00.000Z', 65.110, 'acute', 'market', 'Market Pressure is the dominant pillar; pressure is rising (up 1.7 on the week).');
INSERT INTO pillar_scores (pillar_id, observed_at, value, band) VALUES ('market', '2026-03-05T14:02:00.000Z', 71.548, 'acute');
INSERT INTO pillar_scores (pillar_id, observed_at, value, band) VALUES ('fiscal', '2026-03-05T14:02:00.000Z', 59.927, 'strained');
INSERT INTO pillar_scores (pillar_id, observed_at, value, band) VALUES ('labour', '2026-03-05T14:02:00.000Z', 72.374, 'acute');
INSERT INTO pillar_scores (pillar_id, observed_at, value, band) VALUES ('delivery', '2026-03-05T14:02:00.000Z', 53.437, 'strained');
INSERT INTO headline_scores (observed_at, value, band, dominant, editorial) VALUES ('2026-03-05T14:02:00.000Z', 66.043, 'acute', 'market', 'Market Pressure is the dominant pillar; pressure is rising (up 1.7 on the week).');
INSERT INTO pillar_scores (pillar_id, observed_at, value, band) VALUES ('market', '2026-03-06T14:02:00.000Z', 71.220, 'acute');
INSERT INTO pillar_scores (pillar_id, observed_at, value, band) VALUES ('fiscal', '2026-03-06T14:02:00.000Z', 58.034, 'strained');
INSERT INTO pillar_scores (pillar_id, observed_at, value, band) VALUES ('labour', '2026-03-06T14:02:00.000Z', 70.799, 'acute');
INSERT INTO pillar_scores (pillar_id, observed_at, value, band) VALUES ('delivery', '2026-03-06T14:02:00.000Z', 53.578, 'strained');
INSERT INTO headline_scores (observed_at, value, band, dominant, editorial) VALUES ('2026-03-06T14:02:00.000Z', 65.020, 'acute', 'market', 'Market Pressure is the dominant pillar; pressure is rising (up 0.8 on the week).');
INSERT INTO pillar_scores (pillar_id, observed_at, value, band) VALUES ('market', '2026-03-07T14:02:00.000Z', 70.060, 'acute');
INSERT INTO pillar_scores (pillar_id, observed_at, value, band) VALUES ('fiscal', '2026-03-07T14:02:00.000Z', 59.605, 'strained');
INSERT INTO pillar_scores (pillar_id, observed_at, value, band) VALUES ('labour', '2026-03-07T14:02:00.000Z', 70.665, 'acute');
INSERT INTO pillar_scores (pillar_id, observed_at, value, band) VALUES ('delivery', '2026-03-07T14:02:00.000Z', 51.872, 'strained');
INSERT INTO headline_scores (observed_at, value, band, dominant, editorial) VALUES ('2026-03-07T14:02:00.000Z', 64.879, 'acute', 'market', 'Market Pressure is the dominant pillar; pressure is rising (up 1.4 on the week).');
INSERT INTO pillar_scores (pillar_id, observed_at, value, band) VALUES ('market', '2026-03-08T14:02:00.000Z', 70.891, 'acute');
INSERT INTO pillar_scores (pillar_id, observed_at, value, band) VALUES ('fiscal', '2026-03-08T14:02:00.000Z', 57.603, 'strained');
INSERT INTO pillar_scores (pillar_id, observed_at, value, band) VALUES ('labour', '2026-03-08T14:02:00.000Z', 70.217, 'acute');
INSERT INTO pillar_scores (pillar_id, observed_at, value, band) VALUES ('delivery', '2026-03-08T14:02:00.000Z', 53.246, 'strained');
INSERT INTO headline_scores (observed_at, value, band, dominant, editorial) VALUES ('2026-03-08T14:02:00.000Z', 64.608, 'acute', 'market', 'Market Pressure is the dominant pillar; pressure is rising (up 0.3 on the week).');
INSERT INTO pillar_scores (pillar_id, observed_at, value, band) VALUES ('market', '2026-03-09T14:02:00.000Z', 73.486, 'acute');
INSERT INTO pillar_scores (pillar_id, observed_at, value, band) VALUES ('fiscal', '2026-03-09T14:02:00.000Z', 60.278, 'acute');
INSERT INTO pillar_scores (pillar_id, observed_at, value, band) VALUES ('labour', '2026-03-09T14:02:00.000Z', 71.702, 'acute');
INSERT INTO pillar_scores (pillar_id, observed_at, value, band) VALUES ('delivery', '2026-03-09T14:02:00.000Z', 51.444, 'strained');
INSERT INTO headline_scores (observed_at, value, band, dominant, editorial) VALUES ('2026-03-09T14:02:00.000Z', 66.492, 'acute', 'market', 'Market Pressure is the dominant pillar; pressure is rising (up 2.3 on the week).');
INSERT INTO pillar_scores (pillar_id, observed_at, value, band) VALUES ('market', '2026-03-10T14:02:00.000Z', 74.481, 'acute');
INSERT INTO pillar_scores (pillar_id, observed_at, value, band) VALUES ('fiscal', '2026-03-10T14:02:00.000Z', 60.726, 'acute');
INSERT INTO pillar_scores (pillar_id, observed_at, value, band) VALUES ('labour', '2026-03-10T14:02:00.000Z', 72.571, 'acute');
INSERT INTO pillar_scores (pillar_id, observed_at, value, band) VALUES ('delivery', '2026-03-10T14:02:00.000Z', 53.801, 'strained');
INSERT INTO headline_scores (observed_at, value, band, dominant, editorial) VALUES ('2026-03-10T14:02:00.000Z', 67.462, 'acute', 'market', 'Market Pressure is the dominant pillar; pressure is rising (up 1.7 on the week).');
INSERT INTO pillar_scores (pillar_id, observed_at, value, band) VALUES ('market', '2026-03-11T14:02:00.000Z', 74.512, 'acute');
INSERT INTO pillar_scores (pillar_id, observed_at, value, band) VALUES ('fiscal', '2026-03-11T14:02:00.000Z', 60.350, 'acute');
INSERT INTO pillar_scores (pillar_id, observed_at, value, band) VALUES ('labour', '2026-03-11T14:02:00.000Z', 71.676, 'acute');
INSERT INTO pillar_scores (pillar_id, observed_at, value, band) VALUES ('delivery', '2026-03-11T14:02:00.000Z', 54.178, 'strained');
INSERT INTO headline_scores (observed_at, value, band, dominant, editorial) VALUES ('2026-03-11T14:02:00.000Z', 67.228, 'acute', 'market', 'Market Pressure is the dominant pillar; pressure is rising (up 2.1 on the week).');
INSERT INTO pillar_scores (pillar_id, observed_at, value, band) VALUES ('market', '2026-03-12T14:02:00.000Z', 73.298, 'acute');
INSERT INTO pillar_scores (pillar_id, observed_at, value, band) VALUES ('fiscal', '2026-03-12T14:02:00.000Z', 60.571, 'acute');
INSERT INTO pillar_scores (pillar_id, observed_at, value, band) VALUES ('labour', '2026-03-12T14:02:00.000Z', 72.468, 'acute');
INSERT INTO pillar_scores (pillar_id, observed_at, value, band) VALUES ('delivery', '2026-03-12T14:02:00.000Z', 53.823, 'strained');
INSERT INTO headline_scores (observed_at, value, band, dominant, editorial) VALUES ('2026-03-12T14:02:00.000Z', 66.964, 'acute', 'market', 'Market Pressure is the dominant pillar; pressure is rising (up 0.9 on the week).');
INSERT INTO pillar_scores (pillar_id, observed_at, value, band) VALUES ('market', '2026-03-13T14:02:00.000Z', 72.586, 'acute');
INSERT INTO pillar_scores (pillar_id, observed_at, value, band) VALUES ('fiscal', '2026-03-13T14:02:00.000Z', 60.525, 'acute');
INSERT INTO pillar_scores (pillar_id, observed_at, value, band) VALUES ('labour', '2026-03-13T14:02:00.000Z', 71.736, 'acute');
INSERT INTO pillar_scores (pillar_id, observed_at, value, band) VALUES ('delivery', '2026-03-13T14:02:00.000Z', 54.000, 'strained');
INSERT INTO headline_scores (observed_at, value, band, dominant, editorial) VALUES ('2026-03-13T14:02:00.000Z', 66.575, 'acute', 'market', 'Market Pressure is the dominant pillar; pressure is rising (up 1.6 on the week).');
INSERT INTO pillar_scores (pillar_id, observed_at, value, band) VALUES ('market', '2026-03-14T14:02:00.000Z', 71.532, 'acute');
INSERT INTO pillar_scores (pillar_id, observed_at, value, band) VALUES ('fiscal', '2026-03-14T14:02:00.000Z', 59.341, 'strained');
INSERT INTO pillar_scores (pillar_id, observed_at, value, band) VALUES ('labour', '2026-03-14T14:02:00.000Z', 70.865, 'acute');
INSERT INTO pillar_scores (pillar_id, observed_at, value, band) VALUES ('delivery', '2026-03-14T14:02:00.000Z', 53.940, 'strained');
INSERT INTO headline_scores (observed_at, value, band, dominant, editorial) VALUES ('2026-03-14T14:02:00.000Z', 65.627, 'acute', 'market', 'Market Pressure is the dominant pillar; pressure is rising (up 0.7 on the week).');
INSERT INTO pillar_scores (pillar_id, observed_at, value, band) VALUES ('market', '2026-03-15T14:02:00.000Z', 71.418, 'acute');
INSERT INTO pillar_scores (pillar_id, observed_at, value, band) VALUES ('fiscal', '2026-03-15T14:02:00.000Z', 60.091, 'acute');
INSERT INTO pillar_scores (pillar_id, observed_at, value, band) VALUES ('labour', '2026-03-15T14:02:00.000Z', 70.397, 'acute');
INSERT INTO pillar_scores (pillar_id, observed_at, value, band) VALUES ('delivery', '2026-03-15T14:02:00.000Z', 52.868, 'strained');
INSERT INTO headline_scores (observed_at, value, band, dominant, editorial) VALUES ('2026-03-15T14:02:00.000Z', 65.614, 'acute', 'market', 'Market Pressure is the dominant pillar; pressure is rising (up 1.0 on the week).');
INSERT INTO pillar_scores (pillar_id, observed_at, value, band) VALUES ('market', '2026-03-16T14:02:00.000Z', 73.008, 'acute');
INSERT INTO pillar_scores (pillar_id, observed_at, value, band) VALUES ('fiscal', '2026-03-16T14:02:00.000Z', 59.342, 'strained');
INSERT INTO pillar_scores (pillar_id, observed_at, value, band) VALUES ('labour', '2026-03-16T14:02:00.000Z', 71.681, 'acute');
INSERT INTO pillar_scores (pillar_id, observed_at, value, band) VALUES ('delivery', '2026-03-16T14:02:00.000Z', 53.516, 'strained');
INSERT INTO headline_scores (observed_at, value, band, dominant, editorial) VALUES ('2026-03-16T14:02:00.000Z', 66.265, 'acute', 'market', 'Market Pressure is the dominant pillar; pressure is broadly unchanged (down 0.2 on the week).');
INSERT INTO pillar_scores (pillar_id, observed_at, value, band) VALUES ('market', '2026-03-17T14:02:00.000Z', 72.326, 'acute');
INSERT INTO pillar_scores (pillar_id, observed_at, value, band) VALUES ('fiscal', '2026-03-17T14:02:00.000Z', 61.706, 'acute');
INSERT INTO pillar_scores (pillar_id, observed_at, value, band) VALUES ('labour', '2026-03-17T14:02:00.000Z', 71.740, 'acute');
INSERT INTO pillar_scores (pillar_id, observed_at, value, band) VALUES ('delivery', '2026-03-17T14:02:00.000Z', 52.832, 'strained');
INSERT INTO headline_scores (observed_at, value, band, dominant, editorial) VALUES ('2026-03-17T14:02:00.000Z', 66.720, 'acute', 'market', 'Market Pressure is the dominant pillar; pressure is easing (down 0.7 on the week).');
INSERT INTO pillar_scores (pillar_id, observed_at, value, band) VALUES ('market', '2026-03-18T14:02:00.000Z', 74.643, 'acute');
INSERT INTO pillar_scores (pillar_id, observed_at, value, band) VALUES ('fiscal', '2026-03-18T14:02:00.000Z', 58.839, 'strained');
INSERT INTO pillar_scores (pillar_id, observed_at, value, band) VALUES ('labour', '2026-03-18T14:02:00.000Z', 72.753, 'acute');
INSERT INTO pillar_scores (pillar_id, observed_at, value, band) VALUES ('delivery', '2026-03-18T14:02:00.000Z', 54.917, 'strained');
INSERT INTO headline_scores (observed_at, value, band, dominant, editorial) VALUES ('2026-03-18T14:02:00.000Z', 67.056, 'acute', 'market', 'Market Pressure is the dominant pillar; pressure is broadly unchanged (down 0.2 on the week).');
INSERT INTO pillar_scores (pillar_id, observed_at, value, band) VALUES ('market', '2026-03-19T14:02:00.000Z', 75.573, 'acute');
INSERT INTO pillar_scores (pillar_id, observed_at, value, band) VALUES ('fiscal', '2026-03-19T14:02:00.000Z', 58.311, 'strained');
INSERT INTO pillar_scores (pillar_id, observed_at, value, band) VALUES ('labour', '2026-03-19T14:02:00.000Z', 70.898, 'acute');
INSERT INTO pillar_scores (pillar_id, observed_at, value, band) VALUES ('delivery', '2026-03-19T14:02:00.000Z', 52.351, 'strained');
INSERT INTO headline_scores (observed_at, value, band, dominant, editorial) VALUES ('2026-03-19T14:02:00.000Z', 66.541, 'acute', 'market', 'Market Pressure is the dominant pillar; pressure is easing (down 0.4 on the week).');
INSERT INTO pillar_scores (pillar_id, observed_at, value, band) VALUES ('market', '2026-03-20T14:02:00.000Z', 73.504, 'acute');
INSERT INTO pillar_scores (pillar_id, observed_at, value, band) VALUES ('fiscal', '2026-03-20T14:02:00.000Z', 58.730, 'strained');
INSERT INTO pillar_scores (pillar_id, observed_at, value, band) VALUES ('labour', '2026-03-20T14:02:00.000Z', 70.473, 'acute');
INSERT INTO pillar_scores (pillar_id, observed_at, value, band) VALUES ('delivery', '2026-03-20T14:02:00.000Z', 51.866, 'strained');
INSERT INTO headline_scores (observed_at, value, band, dominant, editorial) VALUES ('2026-03-20T14:02:00.000Z', 65.808, 'acute', 'market', 'Market Pressure is the dominant pillar; pressure is easing (down 0.8 on the week).');
INSERT INTO pillar_scores (pillar_id, observed_at, value, band) VALUES ('market', '2026-03-21T14:02:00.000Z', 76.249, 'acute');
INSERT INTO pillar_scores (pillar_id, observed_at, value, band) VALUES ('fiscal', '2026-03-21T14:02:00.000Z', 59.902, 'strained');
INSERT INTO pillar_scores (pillar_id, observed_at, value, band) VALUES ('labour', '2026-03-21T14:02:00.000Z', 72.183, 'acute');
INSERT INTO pillar_scores (pillar_id, observed_at, value, band) VALUES ('delivery', '2026-03-21T14:02:00.000Z', 52.222, 'strained');
INSERT INTO headline_scores (observed_at, value, band, dominant, editorial) VALUES ('2026-03-21T14:02:00.000Z', 67.546, 'acute', 'market', 'Market Pressure is the dominant pillar; pressure is rising (up 1.9 on the week).');
INSERT INTO pillar_scores (pillar_id, observed_at, value, band) VALUES ('market', '2026-03-22T14:02:00.000Z', 76.525, 'acute');
INSERT INTO pillar_scores (pillar_id, observed_at, value, band) VALUES ('fiscal', '2026-03-22T14:02:00.000Z', 59.132, 'strained');
INSERT INTO pillar_scores (pillar_id, observed_at, value, band) VALUES ('labour', '2026-03-22T14:02:00.000Z', 71.219, 'acute');
INSERT INTO pillar_scores (pillar_id, observed_at, value, band) VALUES ('delivery', '2026-03-22T14:02:00.000Z', 53.248, 'strained');
INSERT INTO headline_scores (observed_at, value, band, dominant, editorial) VALUES ('2026-03-22T14:02:00.000Z', 67.331, 'acute', 'market', 'Market Pressure is the dominant pillar; pressure is rising (up 1.7 on the week).');
INSERT INTO pillar_scores (pillar_id, observed_at, value, band) VALUES ('market', '2026-03-23T14:02:00.000Z', 77.227, 'acute');
INSERT INTO pillar_scores (pillar_id, observed_at, value, band) VALUES ('fiscal', '2026-03-23T14:02:00.000Z', 61.721, 'acute');
INSERT INTO pillar_scores (pillar_id, observed_at, value, band) VALUES ('labour', '2026-03-23T14:02:00.000Z', 70.786, 'acute');
INSERT INTO pillar_scores (pillar_id, observed_at, value, band) VALUES ('delivery', '2026-03-23T14:02:00.000Z', 52.549, 'strained');
INSERT INTO headline_scores (observed_at, value, band, dominant, editorial) VALUES ('2026-03-23T14:02:00.000Z', 68.278, 'acute', 'market', 'Market Pressure is the dominant pillar; pressure is rising (up 2.0 on the week).');
INSERT INTO pillar_scores (pillar_id, observed_at, value, band) VALUES ('market', '2026-03-24T14:02:00.000Z', 77.649, 'acute');
INSERT INTO pillar_scores (pillar_id, observed_at, value, band) VALUES ('fiscal', '2026-03-24T14:02:00.000Z', 61.715, 'acute');
INSERT INTO pillar_scores (pillar_id, observed_at, value, band) VALUES ('labour', '2026-03-24T14:02:00.000Z', 71.687, 'acute');
INSERT INTO pillar_scores (pillar_id, observed_at, value, band) VALUES ('delivery', '2026-03-24T14:02:00.000Z', 54.836, 'strained');
INSERT INTO headline_scores (observed_at, value, band, dominant, editorial) VALUES ('2026-03-24T14:02:00.000Z', 68.892, 'acute', 'market', 'Market Pressure is the dominant pillar; pressure is rising (up 2.2 on the week).');
INSERT INTO pillar_scores (pillar_id, observed_at, value, band) VALUES ('market', '2026-03-25T14:02:00.000Z', 76.587, 'acute');
INSERT INTO pillar_scores (pillar_id, observed_at, value, band) VALUES ('fiscal', '2026-03-25T14:02:00.000Z', 60.778, 'acute');
INSERT INTO pillar_scores (pillar_id, observed_at, value, band) VALUES ('labour', '2026-03-25T14:02:00.000Z', 71.460, 'acute');
INSERT INTO pillar_scores (pillar_id, observed_at, value, band) VALUES ('delivery', '2026-03-25T14:02:00.000Z', 54.817, 'strained');
INSERT INTO headline_scores (observed_at, value, band, dominant, editorial) VALUES ('2026-03-25T14:02:00.000Z', 68.154, 'acute', 'market', 'Market Pressure is the dominant pillar; pressure is rising (up 1.1 on the week).');
INSERT INTO pillar_scores (pillar_id, observed_at, value, band) VALUES ('market', '2026-03-26T14:02:00.000Z', 74.458, 'acute');
INSERT INTO pillar_scores (pillar_id, observed_at, value, band) VALUES ('fiscal', '2026-03-26T14:02:00.000Z', 59.609, 'strained');
INSERT INTO pillar_scores (pillar_id, observed_at, value, band) VALUES ('labour', '2026-03-26T14:02:00.000Z', 71.030, 'acute');
INSERT INTO pillar_scores (pillar_id, observed_at, value, band) VALUES ('delivery', '2026-03-26T14:02:00.000Z', 53.971, 'strained');
INSERT INTO headline_scores (observed_at, value, band, dominant, editorial) VALUES ('2026-03-26T14:02:00.000Z', 66.813, 'acute', 'market', 'Market Pressure is the dominant pillar; pressure is broadly unchanged (up 0.3 on the week).');
INSERT INTO pillar_scores (pillar_id, observed_at, value, band) VALUES ('market', '2026-03-27T14:02:00.000Z', 77.088, 'acute');
INSERT INTO pillar_scores (pillar_id, observed_at, value, band) VALUES ('fiscal', '2026-03-27T14:02:00.000Z', 58.712, 'strained');
INSERT INTO pillar_scores (pillar_id, observed_at, value, band) VALUES ('labour', '2026-03-27T14:02:00.000Z', 73.008, 'acute');
INSERT INTO pillar_scores (pillar_id, observed_at, value, band) VALUES ('delivery', '2026-03-27T14:02:00.000Z', 52.918, 'strained');
INSERT INTO headline_scores (observed_at, value, band, dominant, editorial) VALUES ('2026-03-27T14:02:00.000Z', 67.678, 'acute', 'market', 'Market Pressure is the dominant pillar; pressure is rising (up 1.9 on the week).');
INSERT INTO pillar_scores (pillar_id, observed_at, value, band) VALUES ('market', '2026-03-28T14:02:00.000Z', 76.791, 'acute');
INSERT INTO pillar_scores (pillar_id, observed_at, value, band) VALUES ('fiscal', '2026-03-28T14:02:00.000Z', 61.637, 'acute');
INSERT INTO pillar_scores (pillar_id, observed_at, value, band) VALUES ('labour', '2026-03-28T14:02:00.000Z', 71.549, 'acute');
INSERT INTO pillar_scores (pillar_id, observed_at, value, band) VALUES ('delivery', '2026-03-28T14:02:00.000Z', 52.109, 'strained');
INSERT INTO headline_scores (observed_at, value, band, dominant, editorial) VALUES ('2026-03-28T14:02:00.000Z', 68.185, 'acute', 'market', 'Market Pressure is the dominant pillar; pressure is rising (up 0.6 on the week).');
INSERT INTO pillar_scores (pillar_id, observed_at, value, band) VALUES ('market', '2026-03-29T14:02:00.000Z', 74.317, 'acute');
INSERT INTO pillar_scores (pillar_id, observed_at, value, band) VALUES ('fiscal', '2026-03-29T14:02:00.000Z', 61.394, 'acute');
INSERT INTO pillar_scores (pillar_id, observed_at, value, band) VALUES ('labour', '2026-03-29T14:02:00.000Z', 72.421, 'acute');
INSERT INTO pillar_scores (pillar_id, observed_at, value, band) VALUES ('delivery', '2026-03-29T14:02:00.000Z', 54.697, 'strained');
INSERT INTO headline_scores (observed_at, value, band, dominant, editorial) VALUES ('2026-03-29T14:02:00.000Z', 67.708, 'acute', 'market', 'Market Pressure is the dominant pillar; pressure is rising (up 0.4 on the week).');
INSERT INTO pillar_scores (pillar_id, observed_at, value, band) VALUES ('market', '2026-03-30T14:02:00.000Z', 77.638, 'acute');
INSERT INTO pillar_scores (pillar_id, observed_at, value, band) VALUES ('fiscal', '2026-03-30T14:02:00.000Z', 62.357, 'acute');
INSERT INTO pillar_scores (pillar_id, observed_at, value, band) VALUES ('labour', '2026-03-30T14:02:00.000Z', 70.860, 'acute');
INSERT INTO pillar_scores (pillar_id, observed_at, value, band) VALUES ('delivery', '2026-03-30T14:02:00.000Z', 54.470, 'strained');
INSERT INTO headline_scores (observed_at, value, band, dominant, editorial) VALUES ('2026-03-30T14:02:00.000Z', 68.896, 'acute', 'market', 'Market Pressure is the dominant pillar; pressure is rising (up 0.6 on the week).');
INSERT INTO pillar_scores (pillar_id, observed_at, value, band) VALUES ('market', '2026-03-31T14:02:00.000Z', 74.661, 'acute');
INSERT INTO pillar_scores (pillar_id, observed_at, value, band) VALUES ('fiscal', '2026-03-31T14:02:00.000Z', 61.859, 'acute');
INSERT INTO pillar_scores (pillar_id, observed_at, value, band) VALUES ('labour', '2026-03-31T14:02:00.000Z', 70.771, 'acute');
INSERT INTO pillar_scores (pillar_id, observed_at, value, band) VALUES ('delivery', '2026-03-31T14:02:00.000Z', 55.315, 'strained');
INSERT INTO headline_scores (observed_at, value, band, dominant, editorial) VALUES ('2026-03-31T14:02:00.000Z', 67.751, 'acute', 'market', 'Market Pressure is the dominant pillar; pressure is easing (down 1.1 on the week).');
INSERT INTO pillar_scores (pillar_id, observed_at, value, band) VALUES ('market', '2026-04-01T14:02:00.000Z', 75.268, 'acute');
INSERT INTO pillar_scores (pillar_id, observed_at, value, band) VALUES ('fiscal', '2026-04-01T14:02:00.000Z', 61.953, 'acute');
INSERT INTO pillar_scores (pillar_id, observed_at, value, band) VALUES ('labour', '2026-04-01T14:02:00.000Z', 73.030, 'acute');
INSERT INTO pillar_scores (pillar_id, observed_at, value, band) VALUES ('delivery', '2026-04-01T14:02:00.000Z', 54.861, 'strained');
INSERT INTO headline_scores (observed_at, value, band, dominant, editorial) VALUES ('2026-04-01T14:02:00.000Z', 68.374, 'acute', 'market', 'Market Pressure is the dominant pillar; pressure is broadly unchanged (up 0.2 on the week).');
INSERT INTO pillar_scores (pillar_id, observed_at, value, band) VALUES ('market', '2026-04-02T14:02:00.000Z', 74.791, 'acute');
INSERT INTO pillar_scores (pillar_id, observed_at, value, band) VALUES ('fiscal', '2026-04-02T14:02:00.000Z', 61.412, 'acute');
INSERT INTO pillar_scores (pillar_id, observed_at, value, band) VALUES ('labour', '2026-04-02T14:02:00.000Z', 71.469, 'acute');
INSERT INTO pillar_scores (pillar_id, observed_at, value, band) VALUES ('delivery', '2026-04-02T14:02:00.000Z', 54.935, 'strained');
INSERT INTO headline_scores (observed_at, value, band, dominant, editorial) VALUES ('2026-04-02T14:02:00.000Z', 67.737, 'acute', 'market', 'Market Pressure is the dominant pillar; pressure is rising (up 0.9 on the week).');
INSERT INTO pillar_scores (pillar_id, observed_at, value, band) VALUES ('market', '2026-04-03T14:02:00.000Z', 76.049, 'acute');
INSERT INTO pillar_scores (pillar_id, observed_at, value, band) VALUES ('fiscal', '2026-04-03T14:02:00.000Z', 60.947, 'acute');
INSERT INTO pillar_scores (pillar_id, observed_at, value, band) VALUES ('labour', '2026-04-03T14:02:00.000Z', 71.337, 'acute');
INSERT INTO pillar_scores (pillar_id, observed_at, value, band) VALUES ('delivery', '2026-04-03T14:02:00.000Z', 54.445, 'strained');
INSERT INTO headline_scores (observed_at, value, band, dominant, editorial) VALUES ('2026-04-03T14:02:00.000Z', 67.949, 'acute', 'market', 'Market Pressure is the dominant pillar; pressure is broadly unchanged (up 0.3 on the week).');
INSERT INTO pillar_scores (pillar_id, observed_at, value, band) VALUES ('market', '2026-04-04T14:02:00.000Z', 76.584, 'acute');
INSERT INTO pillar_scores (pillar_id, observed_at, value, band) VALUES ('fiscal', '2026-04-04T14:02:00.000Z', 60.695, 'acute');
INSERT INTO pillar_scores (pillar_id, observed_at, value, band) VALUES ('labour', '2026-04-04T14:02:00.000Z', 73.265, 'acute');
INSERT INTO pillar_scores (pillar_id, observed_at, value, band) VALUES ('delivery', '2026-04-04T14:02:00.000Z', 54.023, 'strained');
INSERT INTO headline_scores (observed_at, value, band, dominant, editorial) VALUES ('2026-04-04T14:02:00.000Z', 68.366, 'acute', 'market', 'Market Pressure is the dominant pillar; pressure is broadly unchanged (up 0.2 on the week).');
INSERT INTO pillar_scores (pillar_id, observed_at, value, band) VALUES ('market', '2026-04-05T14:02:00.000Z', 77.595, 'acute');
INSERT INTO pillar_scores (pillar_id, observed_at, value, band) VALUES ('fiscal', '2026-04-05T14:02:00.000Z', 62.211, 'acute');
INSERT INTO pillar_scores (pillar_id, observed_at, value, band) VALUES ('labour', '2026-04-05T14:02:00.000Z', 71.617, 'acute');
INSERT INTO pillar_scores (pillar_id, observed_at, value, band) VALUES ('delivery', '2026-04-05T14:02:00.000Z', 53.791, 'strained');
INSERT INTO headline_scores (observed_at, value, band, dominant, editorial) VALUES ('2026-04-05T14:02:00.000Z', 68.892, 'acute', 'market', 'Market Pressure is the dominant pillar; pressure is rising (up 1.2 on the week).');
INSERT INTO pillar_scores (pillar_id, observed_at, value, band) VALUES ('market', '2026-04-06T14:02:00.000Z', 79.317, 'acute');
INSERT INTO pillar_scores (pillar_id, observed_at, value, band) VALUES ('fiscal', '2026-04-06T14:02:00.000Z', 59.307, 'strained');
INSERT INTO pillar_scores (pillar_id, observed_at, value, band) VALUES ('labour', '2026-04-06T14:02:00.000Z', 72.919, 'acute');
INSERT INTO pillar_scores (pillar_id, observed_at, value, band) VALUES ('delivery', '2026-04-06T14:02:00.000Z', 55.130, 'strained');
INSERT INTO headline_scores (observed_at, value, band, dominant, editorial) VALUES ('2026-04-06T14:02:00.000Z', 68.926, 'acute', 'market', 'Market Pressure is the dominant pillar; pressure is broadly unchanged (up 0.0 on the week).');
INSERT INTO pillar_scores (pillar_id, observed_at, value, band) VALUES ('market', '2026-04-07T14:02:00.000Z', 75.658, 'acute');
INSERT INTO pillar_scores (pillar_id, observed_at, value, band) VALUES ('fiscal', '2026-04-07T14:02:00.000Z', 60.985, 'acute');
INSERT INTO pillar_scores (pillar_id, observed_at, value, band) VALUES ('labour', '2026-04-07T14:02:00.000Z', 70.665, 'acute');
INSERT INTO pillar_scores (pillar_id, observed_at, value, band) VALUES ('delivery', '2026-04-07T14:02:00.000Z', 52.542, 'strained');
INSERT INTO headline_scores (observed_at, value, band, dominant, editorial) VALUES ('2026-04-07T14:02:00.000Z', 67.453, 'acute', 'market', 'Market Pressure is the dominant pillar; pressure is broadly unchanged (down 0.3 on the week).');
INSERT INTO pillar_scores (pillar_id, observed_at, value, band) VALUES ('market', '2026-04-08T14:02:00.000Z', 75.394, 'acute');
INSERT INTO pillar_scores (pillar_id, observed_at, value, band) VALUES ('fiscal', '2026-04-08T14:02:00.000Z', 60.139, 'acute');
INSERT INTO pillar_scores (pillar_id, observed_at, value, band) VALUES ('labour', '2026-04-08T14:02:00.000Z', 71.575, 'acute');
INSERT INTO pillar_scores (pillar_id, observed_at, value, band) VALUES ('delivery', '2026-04-08T14:02:00.000Z', 54.026, 'strained');
INSERT INTO headline_scores (observed_at, value, band, dominant, editorial) VALUES ('2026-04-08T14:02:00.000Z', 67.436, 'acute', 'market', 'Market Pressure is the dominant pillar; pressure is easing (down 0.9 on the week).');
INSERT INTO pillar_scores (pillar_id, observed_at, value, band) VALUES ('market', '2026-04-09T14:02:00.000Z', 77.535, 'acute');
INSERT INTO pillar_scores (pillar_id, observed_at, value, band) VALUES ('fiscal', '2026-04-09T14:02:00.000Z', 60.893, 'acute');
INSERT INTO pillar_scores (pillar_id, observed_at, value, band) VALUES ('labour', '2026-04-09T14:02:00.000Z', 73.263, 'acute');
INSERT INTO pillar_scores (pillar_id, observed_at, value, band) VALUES ('delivery', '2026-04-09T14:02:00.000Z', 53.268, 'strained');
INSERT INTO headline_scores (observed_at, value, band, dominant, editorial) VALUES ('2026-04-09T14:02:00.000Z', 68.674, 'acute', 'market', 'Market Pressure is the dominant pillar; pressure is rising (up 0.9 on the week).');
INSERT INTO pillar_scores (pillar_id, observed_at, value, band) VALUES ('market', '2026-04-10T14:02:00.000Z', 75.532, 'acute');
INSERT INTO pillar_scores (pillar_id, observed_at, value, band) VALUES ('fiscal', '2026-04-10T14:02:00.000Z', 60.011, 'acute');
INSERT INTO pillar_scores (pillar_id, observed_at, value, band) VALUES ('labour', '2026-04-10T14:02:00.000Z', 71.425, 'acute');
INSERT INTO pillar_scores (pillar_id, observed_at, value, band) VALUES ('delivery', '2026-04-10T14:02:00.000Z', 53.933, 'strained');
INSERT INTO headline_scores (observed_at, value, band, dominant, editorial) VALUES ('2026-04-10T14:02:00.000Z', 67.403, 'acute', 'market', 'Market Pressure is the dominant pillar; pressure is easing (down 0.5 on the week).');
INSERT INTO pillar_scores (pillar_id, observed_at, value, band) VALUES ('market', '2026-04-11T14:02:00.000Z', 78.757, 'acute');
INSERT INTO pillar_scores (pillar_id, observed_at, value, band) VALUES ('fiscal', '2026-04-11T14:02:00.000Z', 61.192, 'acute');
INSERT INTO pillar_scores (pillar_id, observed_at, value, band) VALUES ('labour', '2026-04-11T14:02:00.000Z', 72.626, 'acute');
INSERT INTO pillar_scores (pillar_id, observed_at, value, band) VALUES ('delivery', '2026-04-11T14:02:00.000Z', 53.143, 'strained');
INSERT INTO headline_scores (observed_at, value, band, dominant, editorial) VALUES ('2026-04-11T14:02:00.000Z', 69.070, 'acute', 'market', 'Market Pressure is the dominant pillar; pressure is rising (up 0.7 on the week).');
INSERT INTO pillar_scores (pillar_id, observed_at, value, band) VALUES ('market', '2026-04-12T14:02:00.000Z', 79.453, 'acute');
INSERT INTO pillar_scores (pillar_id, observed_at, value, band) VALUES ('fiscal', '2026-04-12T14:02:00.000Z', 60.303, 'acute');
INSERT INTO pillar_scores (pillar_id, observed_at, value, band) VALUES ('labour', '2026-04-12T14:02:00.000Z', 71.020, 'acute');
INSERT INTO pillar_scores (pillar_id, observed_at, value, band) VALUES ('delivery', '2026-04-12T14:02:00.000Z', 54.188, 'strained');
INSERT INTO headline_scores (observed_at, value, band, dominant, editorial) VALUES ('2026-04-12T14:02:00.000Z', 68.836, 'acute', 'market', 'Market Pressure is the dominant pillar; pressure is broadly unchanged (down 0.1 on the week).');
INSERT INTO pillar_scores (pillar_id, observed_at, value, band) VALUES ('market', '2026-04-13T14:02:00.000Z', 80.145, 'critical');
INSERT INTO pillar_scores (pillar_id, observed_at, value, band) VALUES ('fiscal', '2026-04-13T14:02:00.000Z', 61.287, 'acute');
INSERT INTO pillar_scores (pillar_id, observed_at, value, band) VALUES ('labour', '2026-04-13T14:02:00.000Z', 71.352, 'acute');
INSERT INTO pillar_scores (pillar_id, observed_at, value, band) VALUES ('delivery', '2026-04-13T14:02:00.000Z', 53.393, 'strained');
INSERT INTO headline_scores (observed_at, value, band, dominant, editorial) VALUES ('2026-04-13T14:02:00.000Z', 69.373, 'acute', 'market', 'Market Pressure is the dominant pillar; pressure is rising (up 0.4 on the week).');
INSERT INTO pillar_scores (pillar_id, observed_at, value, band) VALUES ('market', '2026-04-14T14:02:00.000Z', 79.926, 'acute');
INSERT INTO pillar_scores (pillar_id, observed_at, value, band) VALUES ('fiscal', '2026-04-14T14:02:00.000Z', 60.307, 'acute');
INSERT INTO pillar_scores (pillar_id, observed_at, value, band) VALUES ('labour', '2026-04-14T14:02:00.000Z', 70.930, 'acute');
INSERT INTO pillar_scores (pillar_id, observed_at, value, band) VALUES ('delivery', '2026-04-14T14:02:00.000Z', 54.264, 'strained');
INSERT INTO headline_scores (observed_at, value, band, dominant, editorial) VALUES ('2026-04-14T14:02:00.000Z', 68.993, 'acute', 'market', 'Market Pressure is the dominant pillar; pressure is rising (up 1.5 on the week).');
INSERT INTO pillar_scores (pillar_id, observed_at, value, band) VALUES ('market', '2026-04-15T14:02:00.000Z', 79.940, 'acute');
INSERT INTO pillar_scores (pillar_id, observed_at, value, band) VALUES ('fiscal', '2026-04-15T14:02:00.000Z', 62.563, 'acute');
INSERT INTO pillar_scores (pillar_id, observed_at, value, band) VALUES ('labour', '2026-04-15T14:02:00.000Z', 72.826, 'acute');
INSERT INTO pillar_scores (pillar_id, observed_at, value, band) VALUES ('delivery', '2026-04-15T14:02:00.000Z', 53.390, 'strained');
INSERT INTO headline_scores (observed_at, value, band, dominant, editorial) VALUES ('2026-04-15T14:02:00.000Z', 70.017, 'acute', 'market', 'Market Pressure is the dominant pillar; pressure is rising (up 2.6 on the week).');
INSERT INTO pillar_scores (pillar_id, observed_at, value, band) VALUES ('market', '2026-04-16T14:02:00.000Z', 80.041, 'critical');
INSERT INTO pillar_scores (pillar_id, observed_at, value, band) VALUES ('fiscal', '2026-04-16T14:02:00.000Z', 61.173, 'acute');
INSERT INTO pillar_scores (pillar_id, observed_at, value, band) VALUES ('labour', '2026-04-16T14:02:00.000Z', 72.817, 'acute');
INSERT INTO pillar_scores (pillar_id, observed_at, value, band) VALUES ('delivery', '2026-04-16T14:02:00.000Z', 55.392, 'strained');
INSERT INTO headline_scores (observed_at, value, band, dominant, editorial) VALUES ('2026-04-16T14:02:00.000Z', 69.837, 'acute', 'market', 'Market Pressure is the dominant pillar; pressure is rising (up 1.2 on the week).');
INSERT INTO pillar_scores (pillar_id, observed_at, value, band) VALUES ('market', '2026-04-17T14:02:00.000Z', 80.222, 'critical');
INSERT INTO pillar_scores (pillar_id, observed_at, value, band) VALUES ('fiscal', '2026-04-17T14:02:00.000Z', 60.109, 'acute');
INSERT INTO pillar_scores (pillar_id, observed_at, value, band) VALUES ('labour', '2026-04-17T14:02:00.000Z', 71.199, 'acute');
INSERT INTO pillar_scores (pillar_id, observed_at, value, band) VALUES ('delivery', '2026-04-17T14:02:00.000Z', 54.155, 'strained');
INSERT INTO headline_scores (observed_at, value, band, dominant, editorial) VALUES ('2026-04-17T14:02:00.000Z', 69.065, 'acute', 'market', 'Market Pressure is the dominant pillar; pressure is rising (up 1.7 on the week).');

INSERT INTO indicator_observations (indicator_id, observed_at, value, source_id, payload_hash) VALUES ('gilt_10y', '2026-04-17T14:02:00.000Z', 4.78, 'boe_yields', 'seed_gilt_10y');
INSERT INTO indicator_observations (indicator_id, observed_at, value, source_id, payload_hash) VALUES ('gilt_10y', '2026-03-19T14:02:00.000Z', 4.8461, 'boe_yields', 'seed_gilt_10y_h29');
INSERT INTO indicator_observations (indicator_id, observed_at, value, source_id, payload_hash) VALUES ('gilt_10y', '2026-03-20T14:02:00.000Z', 4.8000, 'boe_yields', 'seed_gilt_10y_h28');
INSERT INTO indicator_observations (indicator_id, observed_at, value, source_id, payload_hash) VALUES ('gilt_10y', '2026-03-21T14:02:00.000Z', 4.7247, 'boe_yields', 'seed_gilt_10y_h27');
INSERT INTO indicator_observations (indicator_id, observed_at, value, source_id, payload_hash) VALUES ('gilt_10y', '2026-03-22T14:02:00.000Z', 4.7901, 'boe_yields', 'seed_gilt_10y_h26');
INSERT INTO indicator_observations (indicator_id, observed_at, value, source_id, payload_hash) VALUES ('gilt_10y', '2026-03-23T14:02:00.000Z', 4.7663, 'boe_yields', 'seed_gilt_10y_h25');
INSERT INTO indicator_observations (indicator_id, observed_at, value, source_id, payload_hash) VALUES ('gilt_10y', '2026-03-24T14:02:00.000Z', 4.7610, 'boe_yields', 'seed_gilt_10y_h24');
INSERT INTO indicator_observations (indicator_id, observed_at, value, source_id, payload_hash) VALUES ('gilt_10y', '2026-03-25T14:02:00.000Z', 4.7891, 'boe_yields', 'seed_gilt_10y_h23');
INSERT INTO indicator_observations (indicator_id, observed_at, value, source_id, payload_hash) VALUES ('gilt_10y', '2026-03-26T14:02:00.000Z', 4.7576, 'boe_yields', 'seed_gilt_10y_h22');
INSERT INTO indicator_observations (indicator_id, observed_at, value, source_id, payload_hash) VALUES ('gilt_10y', '2026-03-27T14:02:00.000Z', 4.7338, 'boe_yields', 'seed_gilt_10y_h21');
INSERT INTO indicator_observations (indicator_id, observed_at, value, source_id, payload_hash) VALUES ('gilt_10y', '2026-03-28T14:02:00.000Z', 4.8391, 'boe_yields', 'seed_gilt_10y_h20');
INSERT INTO indicator_observations (indicator_id, observed_at, value, source_id, payload_hash) VALUES ('gilt_10y', '2026-03-29T14:02:00.000Z', 4.7305, 'boe_yields', 'seed_gilt_10y_h19');
INSERT INTO indicator_observations (indicator_id, observed_at, value, source_id, payload_hash) VALUES ('gilt_10y', '2026-03-30T14:02:00.000Z', 4.8181, 'boe_yields', 'seed_gilt_10y_h18');
INSERT INTO indicator_observations (indicator_id, observed_at, value, source_id, payload_hash) VALUES ('gilt_10y', '2026-03-31T14:02:00.000Z', 4.7410, 'boe_yields', 'seed_gilt_10y_h17');
INSERT INTO indicator_observations (indicator_id, observed_at, value, source_id, payload_hash) VALUES ('gilt_10y', '2026-04-01T14:02:00.000Z', 4.8422, 'boe_yields', 'seed_gilt_10y_h16');
INSERT INTO indicator_observations (indicator_id, observed_at, value, source_id, payload_hash) VALUES ('gilt_10y', '2026-04-02T14:02:00.000Z', 4.7984, 'boe_yields', 'seed_gilt_10y_h15');
INSERT INTO indicator_observations (indicator_id, observed_at, value, source_id, payload_hash) VALUES ('gilt_10y', '2026-04-03T14:02:00.000Z', 4.7145, 'boe_yields', 'seed_gilt_10y_h14');
INSERT INTO indicator_observations (indicator_id, observed_at, value, source_id, payload_hash) VALUES ('gilt_10y', '2026-04-04T14:02:00.000Z', 4.8305, 'boe_yields', 'seed_gilt_10y_h13');
INSERT INTO indicator_observations (indicator_id, observed_at, value, source_id, payload_hash) VALUES ('gilt_10y', '2026-04-05T14:02:00.000Z', 4.8324, 'boe_yields', 'seed_gilt_10y_h12');
INSERT INTO indicator_observations (indicator_id, observed_at, value, source_id, payload_hash) VALUES ('gilt_10y', '2026-04-06T14:02:00.000Z', 4.8101, 'boe_yields', 'seed_gilt_10y_h11');
INSERT INTO indicator_observations (indicator_id, observed_at, value, source_id, payload_hash) VALUES ('gilt_10y', '2026-04-07T14:02:00.000Z', 4.8499, 'boe_yields', 'seed_gilt_10y_h10');
INSERT INTO indicator_observations (indicator_id, observed_at, value, source_id, payload_hash) VALUES ('gilt_10y', '2026-04-08T14:02:00.000Z', 4.7424, 'boe_yields', 'seed_gilt_10y_h9');
INSERT INTO indicator_observations (indicator_id, observed_at, value, source_id, payload_hash) VALUES ('gilt_10y', '2026-04-09T14:02:00.000Z', 4.7689, 'boe_yields', 'seed_gilt_10y_h8');
INSERT INTO indicator_observations (indicator_id, observed_at, value, source_id, payload_hash) VALUES ('gilt_10y', '2026-04-10T14:02:00.000Z', 4.7572, 'boe_yields', 'seed_gilt_10y_h7');
INSERT INTO indicator_observations (indicator_id, observed_at, value, source_id, payload_hash) VALUES ('gilt_10y', '2026-04-11T14:02:00.000Z', 4.8301, 'boe_yields', 'seed_gilt_10y_h6');
INSERT INTO indicator_observations (indicator_id, observed_at, value, source_id, payload_hash) VALUES ('gilt_10y', '2026-04-12T14:02:00.000Z', 4.7658, 'boe_yields', 'seed_gilt_10y_h5');
INSERT INTO indicator_observations (indicator_id, observed_at, value, source_id, payload_hash) VALUES ('gilt_10y', '2026-04-13T14:02:00.000Z', 4.7959, 'boe_yields', 'seed_gilt_10y_h4');
INSERT INTO indicator_observations (indicator_id, observed_at, value, source_id, payload_hash) VALUES ('gilt_10y', '2026-04-14T14:02:00.000Z', 4.7932, 'boe_yields', 'seed_gilt_10y_h3');
INSERT INTO indicator_observations (indicator_id, observed_at, value, source_id, payload_hash) VALUES ('gilt_10y', '2026-04-15T14:02:00.000Z', 4.7112, 'boe_yields', 'seed_gilt_10y_h2');
INSERT INTO indicator_observations (indicator_id, observed_at, value, source_id, payload_hash) VALUES ('gilt_10y', '2026-04-16T14:02:00.000Z', 4.7831, 'boe_yields', 'seed_gilt_10y_h1');
INSERT INTO indicator_observations (indicator_id, observed_at, value, source_id, payload_hash) VALUES ('gilt_30y', '2026-04-17T14:02:00.000Z', 5.73, 'boe_yields', 'seed_gilt_30y');
INSERT INTO indicator_observations (indicator_id, observed_at, value, source_id, payload_hash) VALUES ('gilt_30y', '2026-03-19T14:02:00.000Z', 5.8092, 'boe_yields', 'seed_gilt_30y_h29');
INSERT INTO indicator_observations (indicator_id, observed_at, value, source_id, payload_hash) VALUES ('gilt_30y', '2026-03-20T14:02:00.000Z', 5.7540, 'boe_yields', 'seed_gilt_30y_h28');
INSERT INTO indicator_observations (indicator_id, observed_at, value, source_id, payload_hash) VALUES ('gilt_30y', '2026-03-21T14:02:00.000Z', 5.6637, 'boe_yields', 'seed_gilt_30y_h27');
INSERT INTO indicator_observations (indicator_id, observed_at, value, source_id, payload_hash) VALUES ('gilt_30y', '2026-03-22T14:02:00.000Z', 5.7421, 'boe_yields', 'seed_gilt_30y_h26');
INSERT INTO indicator_observations (indicator_id, observed_at, value, source_id, payload_hash) VALUES ('gilt_30y', '2026-03-23T14:02:00.000Z', 5.7136, 'boe_yields', 'seed_gilt_30y_h25');
INSERT INTO indicator_observations (indicator_id, observed_at, value, source_id, payload_hash) VALUES ('gilt_30y', '2026-03-24T14:02:00.000Z', 5.7073, 'boe_yields', 'seed_gilt_30y_h24');
INSERT INTO indicator_observations (indicator_id, observed_at, value, source_id, payload_hash) VALUES ('gilt_30y', '2026-03-25T14:02:00.000Z', 5.7409, 'boe_yields', 'seed_gilt_30y_h23');
INSERT INTO indicator_observations (indicator_id, observed_at, value, source_id, payload_hash) VALUES ('gilt_30y', '2026-03-26T14:02:00.000Z', 5.7031, 'boe_yields', 'seed_gilt_30y_h22');
INSERT INTO indicator_observations (indicator_id, observed_at, value, source_id, payload_hash) VALUES ('gilt_30y', '2026-03-27T14:02:00.000Z', 5.6746, 'boe_yields', 'seed_gilt_30y_h21');
INSERT INTO indicator_observations (indicator_id, observed_at, value, source_id, payload_hash) VALUES ('gilt_30y', '2026-03-28T14:02:00.000Z', 5.8008, 'boe_yields', 'seed_gilt_30y_h20');
INSERT INTO indicator_observations (indicator_id, observed_at, value, source_id, payload_hash) VALUES ('gilt_30y', '2026-03-29T14:02:00.000Z', 5.6707, 'boe_yields', 'seed_gilt_30y_h19');
INSERT INTO indicator_observations (indicator_id, observed_at, value, source_id, payload_hash) VALUES ('gilt_30y', '2026-03-30T14:02:00.000Z', 5.7757, 'boe_yields', 'seed_gilt_30y_h18');
INSERT INTO indicator_observations (indicator_id, observed_at, value, source_id, payload_hash) VALUES ('gilt_30y', '2026-03-31T14:02:00.000Z', 5.6833, 'boe_yields', 'seed_gilt_30y_h17');
INSERT INTO indicator_observations (indicator_id, observed_at, value, source_id, payload_hash) VALUES ('gilt_30y', '2026-04-01T14:02:00.000Z', 5.8045, 'boe_yields', 'seed_gilt_30y_h16');
INSERT INTO indicator_observations (indicator_id, observed_at, value, source_id, payload_hash) VALUES ('gilt_30y', '2026-04-02T14:02:00.000Z', 5.7520, 'boe_yields', 'seed_gilt_30y_h15');
INSERT INTO indicator_observations (indicator_id, observed_at, value, source_id, payload_hash) VALUES ('gilt_30y', '2026-04-03T14:02:00.000Z', 5.6515, 'boe_yields', 'seed_gilt_30y_h14');
INSERT INTO indicator_observations (indicator_id, observed_at, value, source_id, payload_hash) VALUES ('gilt_30y', '2026-04-04T14:02:00.000Z', 5.7905, 'boe_yields', 'seed_gilt_30y_h13');
INSERT INTO indicator_observations (indicator_id, observed_at, value, source_id, payload_hash) VALUES ('gilt_30y', '2026-04-05T14:02:00.000Z', 5.7928, 'boe_yields', 'seed_gilt_30y_h12');
INSERT INTO indicator_observations (indicator_id, observed_at, value, source_id, payload_hash) VALUES ('gilt_30y', '2026-04-06T14:02:00.000Z', 5.7661, 'boe_yields', 'seed_gilt_30y_h11');
INSERT INTO indicator_observations (indicator_id, observed_at, value, source_id, payload_hash) VALUES ('gilt_30y', '2026-04-07T14:02:00.000Z', 5.8138, 'boe_yields', 'seed_gilt_30y_h10');
INSERT INTO indicator_observations (indicator_id, observed_at, value, source_id, payload_hash) VALUES ('gilt_30y', '2026-04-08T14:02:00.000Z', 5.6849, 'boe_yields', 'seed_gilt_30y_h9');
INSERT INTO indicator_observations (indicator_id, observed_at, value, source_id, payload_hash) VALUES ('gilt_30y', '2026-04-09T14:02:00.000Z', 5.7167, 'boe_yields', 'seed_gilt_30y_h8');
INSERT INTO indicator_observations (indicator_id, observed_at, value, source_id, payload_hash) VALUES ('gilt_30y', '2026-04-10T14:02:00.000Z', 5.7026, 'boe_yields', 'seed_gilt_30y_h7');
INSERT INTO indicator_observations (indicator_id, observed_at, value, source_id, payload_hash) VALUES ('gilt_30y', '2026-04-11T14:02:00.000Z', 5.7900, 'boe_yields', 'seed_gilt_30y_h6');
INSERT INTO indicator_observations (indicator_id, observed_at, value, source_id, payload_hash) VALUES ('gilt_30y', '2026-04-12T14:02:00.000Z', 5.7130, 'boe_yields', 'seed_gilt_30y_h5');
INSERT INTO indicator_observations (indicator_id, observed_at, value, source_id, payload_hash) VALUES ('gilt_30y', '2026-04-13T14:02:00.000Z', 5.7491, 'boe_yields', 'seed_gilt_30y_h4');
INSERT INTO indicator_observations (indicator_id, observed_at, value, source_id, payload_hash) VALUES ('gilt_30y', '2026-04-14T14:02:00.000Z', 5.7459, 'boe_yields', 'seed_gilt_30y_h3');
INSERT INTO indicator_observations (indicator_id, observed_at, value, source_id, payload_hash) VALUES ('gilt_30y', '2026-04-15T14:02:00.000Z', 5.6475, 'boe_yields', 'seed_gilt_30y_h2');
INSERT INTO indicator_observations (indicator_id, observed_at, value, source_id, payload_hash) VALUES ('gilt_30y', '2026-04-16T14:02:00.000Z', 5.7337, 'boe_yields', 'seed_gilt_30y_h1');
INSERT INTO indicator_observations (indicator_id, observed_at, value, source_id, payload_hash) VALUES ('gbp_usd', '2026-04-17T14:02:00.000Z', 1.2418, 'boe_fx', 'seed_gbp_usd');
INSERT INTO indicator_observations (indicator_id, observed_at, value, source_id, payload_hash) VALUES ('gbp_usd', '2026-03-19T14:02:00.000Z', 1.2470, 'boe_fx', 'seed_gbp_usd_h29');
INSERT INTO indicator_observations (indicator_id, observed_at, value, source_id, payload_hash) VALUES ('gbp_usd', '2026-03-20T14:02:00.000Z', 1.2274, 'boe_fx', 'seed_gbp_usd_h28');
INSERT INTO indicator_observations (indicator_id, observed_at, value, source_id, payload_hash) VALUES ('gbp_usd', '2026-03-21T14:02:00.000Z', 1.2444, 'boe_fx', 'seed_gbp_usd_h27');
INSERT INTO indicator_observations (indicator_id, observed_at, value, source_id, payload_hash) VALUES ('gbp_usd', '2026-03-22T14:02:00.000Z', 1.2382, 'boe_fx', 'seed_gbp_usd_h26');
INSERT INTO indicator_observations (indicator_id, observed_at, value, source_id, payload_hash) VALUES ('gbp_usd', '2026-03-23T14:02:00.000Z', 1.2369, 'boe_fx', 'seed_gbp_usd_h25');
INSERT INTO indicator_observations (indicator_id, observed_at, value, source_id, payload_hash) VALUES ('gbp_usd', '2026-03-24T14:02:00.000Z', 1.2442, 'boe_fx', 'seed_gbp_usd_h24');
INSERT INTO indicator_observations (indicator_id, observed_at, value, source_id, payload_hash) VALUES ('gbp_usd', '2026-03-25T14:02:00.000Z', 1.2360, 'boe_fx', 'seed_gbp_usd_h23');
INSERT INTO indicator_observations (indicator_id, observed_at, value, source_id, payload_hash) VALUES ('gbp_usd', '2026-03-26T14:02:00.000Z', 1.2298, 'boe_fx', 'seed_gbp_usd_h22');
INSERT INTO indicator_observations (indicator_id, observed_at, value, source_id, payload_hash) VALUES ('gbp_usd', '2026-03-27T14:02:00.000Z', 1.2571, 'boe_fx', 'seed_gbp_usd_h21');
INSERT INTO indicator_observations (indicator_id, observed_at, value, source_id, payload_hash) VALUES ('gbp_usd', '2026-03-28T14:02:00.000Z', 1.2289, 'boe_fx', 'seed_gbp_usd_h20');
INSERT INTO indicator_observations (indicator_id, observed_at, value, source_id, payload_hash) VALUES ('gbp_usd', '2026-03-29T14:02:00.000Z', 1.2517, 'boe_fx', 'seed_gbp_usd_h19');
INSERT INTO indicator_observations (indicator_id, observed_at, value, source_id, payload_hash) VALUES ('gbp_usd', '2026-03-30T14:02:00.000Z', 1.2317, 'boe_fx', 'seed_gbp_usd_h18');
INSERT INTO indicator_observations (indicator_id, observed_at, value, source_id, payload_hash) VALUES ('gbp_usd', '2026-03-31T14:02:00.000Z', 1.2580, 'boe_fx', 'seed_gbp_usd_h17');
INSERT INTO indicator_observations (indicator_id, observed_at, value, source_id, payload_hash) VALUES ('gbp_usd', '2026-04-01T14:02:00.000Z', 1.2466, 'boe_fx', 'seed_gbp_usd_h16');
INSERT INTO indicator_observations (indicator_id, observed_at, value, source_id, payload_hash) VALUES ('gbp_usd', '2026-04-02T14:02:00.000Z', 1.2248, 'boe_fx', 'seed_gbp_usd_h15');
INSERT INTO indicator_observations (indicator_id, observed_at, value, source_id, payload_hash) VALUES ('gbp_usd', '2026-04-03T14:02:00.000Z', 1.2549, 'boe_fx', 'seed_gbp_usd_h14');
INSERT INTO indicator_observations (indicator_id, observed_at, value, source_id, payload_hash) VALUES ('gbp_usd', '2026-04-04T14:02:00.000Z', 1.2554, 'boe_fx', 'seed_gbp_usd_h13');
INSERT INTO indicator_observations (indicator_id, observed_at, value, source_id, payload_hash) VALUES ('gbp_usd', '2026-04-05T14:02:00.000Z', 1.2496, 'boe_fx', 'seed_gbp_usd_h12');
INSERT INTO indicator_observations (indicator_id, observed_at, value, source_id, payload_hash) VALUES ('gbp_usd', '2026-04-06T14:02:00.000Z', 1.2600, 'boe_fx', 'seed_gbp_usd_h11');
INSERT INTO indicator_observations (indicator_id, observed_at, value, source_id, payload_hash) VALUES ('gbp_usd', '2026-04-07T14:02:00.000Z', 1.2320, 'boe_fx', 'seed_gbp_usd_h10');
INSERT INTO indicator_observations (indicator_id, observed_at, value, source_id, payload_hash) VALUES ('gbp_usd', '2026-04-08T14:02:00.000Z', 1.2389, 'boe_fx', 'seed_gbp_usd_h9');
INSERT INTO indicator_observations (indicator_id, observed_at, value, source_id, payload_hash) VALUES ('gbp_usd', '2026-04-09T14:02:00.000Z', 1.2359, 'boe_fx', 'seed_gbp_usd_h8');
INSERT INTO indicator_observations (indicator_id, observed_at, value, source_id, payload_hash) VALUES ('gbp_usd', '2026-04-10T14:02:00.000Z', 1.2548, 'boe_fx', 'seed_gbp_usd_h7');
INSERT INTO indicator_observations (indicator_id, observed_at, value, source_id, payload_hash) VALUES ('gbp_usd', '2026-04-11T14:02:00.000Z', 1.2381, 'boe_fx', 'seed_gbp_usd_h6');
INSERT INTO indicator_observations (indicator_id, observed_at, value, source_id, payload_hash) VALUES ('gbp_usd', '2026-04-12T14:02:00.000Z', 1.2459, 'boe_fx', 'seed_gbp_usd_h5');
INSERT INTO indicator_observations (indicator_id, observed_at, value, source_id, payload_hash) VALUES ('gbp_usd', '2026-04-13T14:02:00.000Z', 1.2452, 'boe_fx', 'seed_gbp_usd_h4');
INSERT INTO indicator_observations (indicator_id, observed_at, value, source_id, payload_hash) VALUES ('gbp_usd', '2026-04-14T14:02:00.000Z', 1.2239, 'boe_fx', 'seed_gbp_usd_h3');
INSERT INTO indicator_observations (indicator_id, observed_at, value, source_id, payload_hash) VALUES ('gbp_usd', '2026-04-15T14:02:00.000Z', 1.2426, 'boe_fx', 'seed_gbp_usd_h2');
INSERT INTO indicator_observations (indicator_id, observed_at, value, source_id, payload_hash) VALUES ('gbp_usd', '2026-04-16T14:02:00.000Z', 1.2427, 'boe_fx', 'seed_gbp_usd_h1');
INSERT INTO indicator_observations (indicator_id, observed_at, value, source_id, payload_hash) VALUES ('gbp_twi', '2026-04-17T14:02:00.000Z', 78.4, 'boe_fx', 'seed_gbp_twi');
INSERT INTO indicator_observations (indicator_id, observed_at, value, source_id, payload_hash) VALUES ('gbp_twi', '2026-03-19T14:02:00.000Z', 78.7284, 'boe_fx', 'seed_gbp_twi_h29');
INSERT INTO indicator_observations (indicator_id, observed_at, value, source_id, payload_hash) VALUES ('gbp_twi', '2026-03-20T14:02:00.000Z', 77.4935, 'boe_fx', 'seed_gbp_twi_h28');
INSERT INTO indicator_observations (indicator_id, observed_at, value, source_id, payload_hash) VALUES ('gbp_twi', '2026-03-21T14:02:00.000Z', 78.5650, 'boe_fx', 'seed_gbp_twi_h27');
INSERT INTO indicator_observations (indicator_id, observed_at, value, source_id, payload_hash) VALUES ('gbp_twi', '2026-03-22T14:02:00.000Z', 78.1750, 'boe_fx', 'seed_gbp_twi_h26');
INSERT INTO indicator_observations (indicator_id, observed_at, value, source_id, payload_hash) VALUES ('gbp_twi', '2026-03-23T14:02:00.000Z', 78.0890, 'boe_fx', 'seed_gbp_twi_h25');
INSERT INTO indicator_observations (indicator_id, observed_at, value, source_id, payload_hash) VALUES ('gbp_twi', '2026-03-24T14:02:00.000Z', 78.5498, 'boe_fx', 'seed_gbp_twi_h24');
INSERT INTO indicator_observations (indicator_id, observed_at, value, source_id, payload_hash) VALUES ('gbp_twi', '2026-03-25T14:02:00.000Z', 78.0324, 'boe_fx', 'seed_gbp_twi_h23');
INSERT INTO indicator_observations (indicator_id, observed_at, value, source_id, payload_hash) VALUES ('gbp_twi', '2026-03-26T14:02:00.000Z', 77.6426, 'boe_fx', 'seed_gbp_twi_h22');
INSERT INTO indicator_observations (indicator_id, observed_at, value, source_id, payload_hash) VALUES ('gbp_twi', '2026-03-27T14:02:00.000Z', 79.3688, 'boe_fx', 'seed_gbp_twi_h21');
INSERT INTO indicator_observations (indicator_id, observed_at, value, source_id, payload_hash) VALUES ('gbp_twi', '2026-03-28T14:02:00.000Z', 77.5882, 'boe_fx', 'seed_gbp_twi_h20');
INSERT INTO indicator_observations (indicator_id, observed_at, value, source_id, payload_hash) VALUES ('gbp_twi', '2026-03-29T14:02:00.000Z', 79.0253, 'boe_fx', 'seed_gbp_twi_h19');
INSERT INTO indicator_observations (indicator_id, observed_at, value, source_id, payload_hash) VALUES ('gbp_twi', '2026-03-30T14:02:00.000Z', 77.7606, 'boe_fx', 'seed_gbp_twi_h18');
INSERT INTO indicator_observations (indicator_id, observed_at, value, source_id, payload_hash) VALUES ('gbp_twi', '2026-03-31T14:02:00.000Z', 79.4196, 'boe_fx', 'seed_gbp_twi_h17');
INSERT INTO indicator_observations (indicator_id, observed_at, value, source_id, payload_hash) VALUES ('gbp_twi', '2026-04-01T14:02:00.000Z', 78.7012, 'boe_fx', 'seed_gbp_twi_h16');
INSERT INTO indicator_observations (indicator_id, observed_at, value, source_id, payload_hash) VALUES ('gbp_twi', '2026-04-02T14:02:00.000Z', 77.3262, 'boe_fx', 'seed_gbp_twi_h15');
INSERT INTO indicator_observations (indicator_id, observed_at, value, source_id, payload_hash) VALUES ('gbp_twi', '2026-04-03T14:02:00.000Z', 79.2278, 'boe_fx', 'seed_gbp_twi_h14');
INSERT INTO indicator_observations (indicator_id, observed_at, value, source_id, payload_hash) VALUES ('gbp_twi', '2026-04-04T14:02:00.000Z', 79.2598, 'boe_fx', 'seed_gbp_twi_h13');
INSERT INTO indicator_observations (indicator_id, observed_at, value, source_id, payload_hash) VALUES ('gbp_twi', '2026-04-05T14:02:00.000Z', 78.8939, 'boe_fx', 'seed_gbp_twi_h12');
INSERT INTO indicator_observations (indicator_id, observed_at, value, source_id, payload_hash) VALUES ('gbp_twi', '2026-04-06T14:02:00.000Z', 79.5462, 'boe_fx', 'seed_gbp_twi_h11');
INSERT INTO indicator_observations (indicator_id, observed_at, value, source_id, payload_hash) VALUES ('gbp_twi', '2026-04-07T14:02:00.000Z', 77.7833, 'boe_fx', 'seed_gbp_twi_h10');
INSERT INTO indicator_observations (indicator_id, observed_at, value, source_id, payload_hash) VALUES ('gbp_twi', '2026-04-08T14:02:00.000Z', 78.2175, 'boe_fx', 'seed_gbp_twi_h9');
INSERT INTO indicator_observations (indicator_id, observed_at, value, source_id, payload_hash) VALUES ('gbp_twi', '2026-04-09T14:02:00.000Z', 78.0256, 'boe_fx', 'seed_gbp_twi_h8');
INSERT INTO indicator_observations (indicator_id, observed_at, value, source_id, payload_hash) VALUES ('gbp_twi', '2026-04-10T14:02:00.000Z', 79.2210, 'boe_fx', 'seed_gbp_twi_h7');
INSERT INTO indicator_observations (indicator_id, observed_at, value, source_id, payload_hash) VALUES ('gbp_twi', '2026-04-11T14:02:00.000Z', 78.1679, 'boe_fx', 'seed_gbp_twi_h6');
INSERT INTO indicator_observations (indicator_id, observed_at, value, source_id, payload_hash) VALUES ('gbp_twi', '2026-04-12T14:02:00.000Z', 78.6613, 'boe_fx', 'seed_gbp_twi_h5');
INSERT INTO indicator_observations (indicator_id, observed_at, value, source_id, payload_hash) VALUES ('gbp_twi', '2026-04-13T14:02:00.000Z', 78.6172, 'boe_fx', 'seed_gbp_twi_h4');
INSERT INTO indicator_observations (indicator_id, observed_at, value, source_id, payload_hash) VALUES ('gbp_twi', '2026-04-14T14:02:00.000Z', 77.2708, 'boe_fx', 'seed_gbp_twi_h3');
INSERT INTO indicator_observations (indicator_id, observed_at, value, source_id, payload_hash) VALUES ('gbp_twi', '2026-04-15T14:02:00.000Z', 78.4512, 'boe_fx', 'seed_gbp_twi_h2');
INSERT INTO indicator_observations (indicator_id, observed_at, value, source_id, payload_hash) VALUES ('gbp_twi', '2026-04-16T14:02:00.000Z', 78.4551, 'boe_fx', 'seed_gbp_twi_h1');
INSERT INTO indicator_observations (indicator_id, observed_at, value, source_id, payload_hash) VALUES ('sonia_12m', '2026-04-17T14:02:00.000Z', 3.92, 'boe_sonia', 'seed_sonia_12m');
INSERT INTO indicator_observations (indicator_id, observed_at, value, source_id, payload_hash) VALUES ('sonia_12m', '2026-03-19T14:02:00.000Z', 3.8905, 'boe_sonia', 'seed_sonia_12m_h29');
INSERT INTO indicator_observations (indicator_id, observed_at, value, source_id, payload_hash) VALUES ('sonia_12m', '2026-03-20T14:02:00.000Z', 3.9742, 'boe_sonia', 'seed_sonia_12m_h28');
INSERT INTO indicator_observations (indicator_id, observed_at, value, source_id, payload_hash) VALUES ('sonia_12m', '2026-03-21T14:02:00.000Z', 3.9364, 'boe_sonia', 'seed_sonia_12m_h27');
INSERT INTO indicator_observations (indicator_id, observed_at, value, source_id, payload_hash) VALUES ('sonia_12m', '2026-03-22T14:02:00.000Z', 3.8747, 'boe_sonia', 'seed_sonia_12m_h26');
INSERT INTO indicator_observations (indicator_id, observed_at, value, source_id, payload_hash) VALUES ('sonia_12m', '2026-03-23T14:02:00.000Z', 3.9283, 'boe_sonia', 'seed_sonia_12m_h25');
INSERT INTO indicator_observations (indicator_id, observed_at, value, source_id, payload_hash) VALUES ('sonia_12m', '2026-03-24T14:02:00.000Z', 3.9087, 'boe_sonia', 'seed_sonia_12m_h24');
INSERT INTO indicator_observations (indicator_id, observed_at, value, source_id, payload_hash) VALUES ('sonia_12m', '2026-03-25T14:02:00.000Z', 3.9044, 'boe_sonia', 'seed_sonia_12m_h23');
INSERT INTO indicator_observations (indicator_id, observed_at, value, source_id, payload_hash) VALUES ('sonia_12m', '2026-03-26T14:02:00.000Z', 3.9275, 'boe_sonia', 'seed_sonia_12m_h22');
INSERT INTO indicator_observations (indicator_id, observed_at, value, source_id, payload_hash) VALUES ('sonia_12m', '2026-03-27T14:02:00.000Z', 3.9016, 'boe_sonia', 'seed_sonia_12m_h21');
INSERT INTO indicator_observations (indicator_id, observed_at, value, source_id, payload_hash) VALUES ('sonia_12m', '2026-03-28T14:02:00.000Z', 3.8821, 'boe_sonia', 'seed_sonia_12m_h20');
INSERT INTO indicator_observations (indicator_id, observed_at, value, source_id, payload_hash) VALUES ('sonia_12m', '2026-03-29T14:02:00.000Z', 3.9684, 'boe_sonia', 'seed_sonia_12m_h19');
INSERT INTO indicator_observations (indicator_id, observed_at, value, source_id, payload_hash) VALUES ('sonia_12m', '2026-03-30T14:02:00.000Z', 3.8794, 'boe_sonia', 'seed_sonia_12m_h18');
INSERT INTO indicator_observations (indicator_id, observed_at, value, source_id, payload_hash) VALUES ('sonia_12m', '2026-03-31T14:02:00.000Z', 3.9513, 'boe_sonia', 'seed_sonia_12m_h17');
INSERT INTO indicator_observations (indicator_id, observed_at, value, source_id, payload_hash) VALUES ('sonia_12m', '2026-04-01T14:02:00.000Z', 3.8880, 'boe_sonia', 'seed_sonia_12m_h16');
INSERT INTO indicator_observations (indicator_id, observed_at, value, source_id, payload_hash) VALUES ('sonia_12m', '2026-04-02T14:02:00.000Z', 3.9710, 'boe_sonia', 'seed_sonia_12m_h15');
INSERT INTO indicator_observations (indicator_id, observed_at, value, source_id, payload_hash) VALUES ('sonia_12m', '2026-04-03T14:02:00.000Z', 3.9351, 'boe_sonia', 'seed_sonia_12m_h14');
INSERT INTO indicator_observations (indicator_id, observed_at, value, source_id, payload_hash) VALUES ('sonia_12m', '2026-04-04T14:02:00.000Z', 3.8663, 'boe_sonia', 'seed_sonia_12m_h13');
INSERT INTO indicator_observations (indicator_id, observed_at, value, source_id, payload_hash) VALUES ('sonia_12m', '2026-04-05T14:02:00.000Z', 3.9614, 'boe_sonia', 'seed_sonia_12m_h12');
INSERT INTO indicator_observations (indicator_id, observed_at, value, source_id, payload_hash) VALUES ('sonia_12m', '2026-04-06T14:02:00.000Z', 3.9630, 'boe_sonia', 'seed_sonia_12m_h11');
INSERT INTO indicator_observations (indicator_id, observed_at, value, source_id, payload_hash) VALUES ('sonia_12m', '2026-04-07T14:02:00.000Z', 3.9447, 'boe_sonia', 'seed_sonia_12m_h10');
INSERT INTO indicator_observations (indicator_id, observed_at, value, source_id, payload_hash) VALUES ('sonia_12m', '2026-04-08T14:02:00.000Z', 3.9773, 'boe_sonia', 'seed_sonia_12m_h9');
INSERT INTO indicator_observations (indicator_id, observed_at, value, source_id, payload_hash) VALUES ('sonia_12m', '2026-04-09T14:02:00.000Z', 3.8892, 'boe_sonia', 'seed_sonia_12m_h8');
INSERT INTO indicator_observations (indicator_id, observed_at, value, source_id, payload_hash) VALUES ('sonia_12m', '2026-04-10T14:02:00.000Z', 3.9109, 'boe_sonia', 'seed_sonia_12m_h7');
INSERT INTO indicator_observations (indicator_id, observed_at, value, source_id, payload_hash) VALUES ('sonia_12m', '2026-04-11T14:02:00.000Z', 3.9013, 'boe_sonia', 'seed_sonia_12m_h6');
INSERT INTO indicator_observations (indicator_id, observed_at, value, source_id, payload_hash) VALUES ('sonia_12m', '2026-04-12T14:02:00.000Z', 3.9610, 'boe_sonia', 'seed_sonia_12m_h5');
INSERT INTO indicator_observations (indicator_id, observed_at, value, source_id, payload_hash) VALUES ('sonia_12m', '2026-04-13T14:02:00.000Z', 3.9084, 'boe_sonia', 'seed_sonia_12m_h4');
INSERT INTO indicator_observations (indicator_id, observed_at, value, source_id, payload_hash) VALUES ('sonia_12m', '2026-04-14T14:02:00.000Z', 3.9331, 'boe_sonia', 'seed_sonia_12m_h3');
INSERT INTO indicator_observations (indicator_id, observed_at, value, source_id, payload_hash) VALUES ('sonia_12m', '2026-04-15T14:02:00.000Z', 3.9309, 'boe_sonia', 'seed_sonia_12m_h2');
INSERT INTO indicator_observations (indicator_id, observed_at, value, source_id, payload_hash) VALUES ('sonia_12m', '2026-04-16T14:02:00.000Z', 3.8635, 'boe_sonia', 'seed_sonia_12m_h1');
INSERT INTO indicator_observations (indicator_id, observed_at, value, source_id, payload_hash) VALUES ('gas_m1', '2026-04-17T14:02:00.000Z', 118, 'ice_gas', 'seed_gas_m1');
INSERT INTO indicator_observations (indicator_id, observed_at, value, source_id, payload_hash) VALUES ('gas_m1', '2026-03-19T14:02:00.000Z', 116.6356, 'ice_gas', 'seed_gas_m1_h29');
INSERT INTO indicator_observations (indicator_id, observed_at, value, source_id, payload_hash) VALUES ('gas_m1', '2026-03-20T14:02:00.000Z', 118.2483, 'ice_gas', 'seed_gas_m1_h28');
INSERT INTO indicator_observations (indicator_id, observed_at, value, source_id, payload_hash) VALUES ('gas_m1', '2026-03-21T14:02:00.000Z', 117.6613, 'ice_gas', 'seed_gas_m1_h27');
INSERT INTO indicator_observations (indicator_id, observed_at, value, source_id, payload_hash) VALUES ('gas_m1', '2026-03-22T14:02:00.000Z', 117.5318, 'ice_gas', 'seed_gas_m1_h26');
INSERT INTO indicator_observations (indicator_id, observed_at, value, source_id, payload_hash) VALUES ('gas_m1', '2026-03-23T14:02:00.000Z', 118.2254, 'ice_gas', 'seed_gas_m1_h25');
INSERT INTO indicator_observations (indicator_id, observed_at, value, source_id, payload_hash) VALUES ('gas_m1', '2026-03-24T14:02:00.000Z', 117.4467, 'ice_gas', 'seed_gas_m1_h24');
INSERT INTO indicator_observations (indicator_id, observed_at, value, source_id, payload_hash) VALUES ('gas_m1', '2026-03-25T14:02:00.000Z', 116.8601, 'ice_gas', 'seed_gas_m1_h23');
INSERT INTO indicator_observations (indicator_id, observed_at, value, source_id, payload_hash) VALUES ('gas_m1', '2026-03-26T14:02:00.000Z', 119.4581, 'ice_gas', 'seed_gas_m1_h22');
INSERT INTO indicator_observations (indicator_id, observed_at, value, source_id, payload_hash) VALUES ('gas_m1', '2026-03-27T14:02:00.000Z', 116.7781, 'ice_gas', 'seed_gas_m1_h21');
INSERT INTO indicator_observations (indicator_id, observed_at, value, source_id, payload_hash) VALUES ('gas_m1', '2026-03-28T14:02:00.000Z', 118.9411, 'ice_gas', 'seed_gas_m1_h20');
INSERT INTO indicator_observations (indicator_id, observed_at, value, source_id, payload_hash) VALUES ('gas_m1', '2026-03-29T14:02:00.000Z', 117.0377, 'ice_gas', 'seed_gas_m1_h19');
INSERT INTO indicator_observations (indicator_id, observed_at, value, source_id, payload_hash) VALUES ('gas_m1', '2026-03-30T14:02:00.000Z', 119.5347, 'ice_gas', 'seed_gas_m1_h18');
INSERT INTO indicator_observations (indicator_id, observed_at, value, source_id, payload_hash) VALUES ('gas_m1', '2026-03-31T14:02:00.000Z', 118.4533, 'ice_gas', 'seed_gas_m1_h17');
INSERT INTO indicator_observations (indicator_id, observed_at, value, source_id, payload_hash) VALUES ('gas_m1', '2026-04-01T14:02:00.000Z', 116.3838, 'ice_gas', 'seed_gas_m1_h16');
INSERT INTO indicator_observations (indicator_id, observed_at, value, source_id, payload_hash) VALUES ('gas_m1', '2026-04-02T14:02:00.000Z', 119.2459, 'ice_gas', 'seed_gas_m1_h15');
INSERT INTO indicator_observations (indicator_id, observed_at, value, source_id, payload_hash) VALUES ('gas_m1', '2026-04-03T14:02:00.000Z', 119.2941, 'ice_gas', 'seed_gas_m1_h14');
INSERT INTO indicator_observations (indicator_id, observed_at, value, source_id, payload_hash) VALUES ('gas_m1', '2026-04-04T14:02:00.000Z', 118.7433, 'ice_gas', 'seed_gas_m1_h13');
INSERT INTO indicator_observations (indicator_id, observed_at, value, source_id, payload_hash) VALUES ('gas_m1', '2026-04-05T14:02:00.000Z', 119.7251, 'ice_gas', 'seed_gas_m1_h12');
INSERT INTO indicator_observations (indicator_id, observed_at, value, source_id, payload_hash) VALUES ('gas_m1', '2026-04-06T14:02:00.000Z', 117.0718, 'ice_gas', 'seed_gas_m1_h11');
INSERT INTO indicator_observations (indicator_id, observed_at, value, source_id, payload_hash) VALUES ('gas_m1', '2026-04-07T14:02:00.000Z', 117.7253, 'ice_gas', 'seed_gas_m1_h10');
INSERT INTO indicator_observations (indicator_id, observed_at, value, source_id, payload_hash) VALUES ('gas_m1', '2026-04-08T14:02:00.000Z', 117.4364, 'ice_gas', 'seed_gas_m1_h9');
INSERT INTO indicator_observations (indicator_id, observed_at, value, source_id, payload_hash) VALUES ('gas_m1', '2026-04-09T14:02:00.000Z', 119.2357, 'ice_gas', 'seed_gas_m1_h8');
INSERT INTO indicator_observations (indicator_id, observed_at, value, source_id, payload_hash) VALUES ('gas_m1', '2026-04-10T14:02:00.000Z', 117.6507, 'ice_gas', 'seed_gas_m1_h7');
INSERT INTO indicator_observations (indicator_id, observed_at, value, source_id, payload_hash) VALUES ('gas_m1', '2026-04-11T14:02:00.000Z', 118.3934, 'ice_gas', 'seed_gas_m1_h6');
INSERT INTO indicator_observations (indicator_id, observed_at, value, source_id, payload_hash) VALUES ('gas_m1', '2026-04-12T14:02:00.000Z', 118.3269, 'ice_gas', 'seed_gas_m1_h5');
INSERT INTO indicator_observations (indicator_id, observed_at, value, source_id, payload_hash) VALUES ('gas_m1', '2026-04-13T14:02:00.000Z', 116.3004, 'ice_gas', 'seed_gas_m1_h4');
INSERT INTO indicator_observations (indicator_id, observed_at, value, source_id, payload_hash) VALUES ('gas_m1', '2026-04-14T14:02:00.000Z', 118.0771, 'ice_gas', 'seed_gas_m1_h3');
INSERT INTO indicator_observations (indicator_id, observed_at, value, source_id, payload_hash) VALUES ('gas_m1', '2026-04-15T14:02:00.000Z', 118.0830, 'ice_gas', 'seed_gas_m1_h2');
INSERT INTO indicator_observations (indicator_id, observed_at, value, source_id, payload_hash) VALUES ('gas_m1', '2026-04-16T14:02:00.000Z', 118.0133, 'ice_gas', 'seed_gas_m1_h1');
INSERT INTO indicator_observations (indicator_id, observed_at, value, source_id, payload_hash) VALUES ('ftse_250', '2026-04-17T14:02:00.000Z', 19842, 'lseg', 'seed_ftse_250');
INSERT INTO indicator_observations (indicator_id, observed_at, value, source_id, payload_hash) VALUES ('ftse_250', '2026-03-19T14:02:00.000Z', 20116.2113, 'lseg', 'seed_ftse_250_h29');
INSERT INTO indicator_observations (indicator_id, observed_at, value, source_id, payload_hash) VALUES ('ftse_250', '2026-03-20T14:02:00.000Z', 19925.1148, 'lseg', 'seed_ftse_250_h28');
INSERT INTO indicator_observations (indicator_id, observed_at, value, source_id, payload_hash) VALUES ('ftse_250', '2026-03-21T14:02:00.000Z', 19612.5728, 'lseg', 'seed_ftse_250_h27');
INSERT INTO indicator_observations (indicator_id, observed_at, value, source_id, payload_hash) VALUES ('ftse_250', '2026-03-22T14:02:00.000Z', 19883.7596, 'lseg', 'seed_ftse_250_h26');
INSERT INTO indicator_observations (indicator_id, observed_at, value, source_id, payload_hash) VALUES ('ftse_250', '2026-03-23T14:02:00.000Z', 19785.0464, 'lseg', 'seed_ftse_250_h25');
INSERT INTO indicator_observations (indicator_id, observed_at, value, source_id, payload_hash) VALUES ('ftse_250', '2026-03-24T14:02:00.000Z', 19763.2779, 'lseg', 'seed_ftse_250_h24');
INSERT INTO indicator_observations (indicator_id, observed_at, value, source_id, payload_hash) VALUES ('ftse_250', '2026-03-25T14:02:00.000Z', 19879.9071, 'lseg', 'seed_ftse_250_h23');
INSERT INTO indicator_observations (indicator_id, observed_at, value, source_id, payload_hash) VALUES ('ftse_250', '2026-03-26T14:02:00.000Z', 19748.9636, 'lseg', 'seed_ftse_250_h22');
INSERT INTO indicator_observations (indicator_id, observed_at, value, source_id, payload_hash) VALUES ('ftse_250', '2026-03-27T14:02:00.000Z', 19650.3226, 'lseg', 'seed_ftse_250_h21');
INSERT INTO indicator_observations (indicator_id, observed_at, value, source_id, payload_hash) VALUES ('ftse_250', '2026-03-28T14:02:00.000Z', 20087.1860, 'lseg', 'seed_ftse_250_h20');
INSERT INTO indicator_observations (indicator_id, observed_at, value, source_id, payload_hash) VALUES ('ftse_250', '2026-03-29T14:02:00.000Z', 19636.5361, 'lseg', 'seed_ftse_250_h19');
INSERT INTO indicator_observations (indicator_id, observed_at, value, source_id, payload_hash) VALUES ('ftse_250', '2026-03-30T14:02:00.000Z', 20000.2509, 'lseg', 'seed_ftse_250_h18');
INSERT INTO indicator_observations (indicator_id, observed_at, value, source_id, payload_hash) VALUES ('ftse_250', '2026-03-31T14:02:00.000Z', 19680.1796, 'lseg', 'seed_ftse_250_h17');
INSERT INTO indicator_observations (indicator_id, observed_at, value, source_id, payload_hash) VALUES ('ftse_250', '2026-04-01T14:02:00.000Z', 20100.0589, 'lseg', 'seed_ftse_250_h16');
INSERT INTO indicator_observations (indicator_id, observed_at, value, source_id, payload_hash) VALUES ('ftse_250', '2026-04-02T14:02:00.000Z', 19918.2296, 'lseg', 'seed_ftse_250_h15');
INSERT INTO indicator_observations (indicator_id, observed_at, value, source_id, payload_hash) VALUES ('ftse_250', '2026-04-03T14:02:00.000Z', 19570.2376, 'lseg', 'seed_ftse_250_h14');
INSERT INTO indicator_observations (indicator_id, observed_at, value, source_id, payload_hash) VALUES ('ftse_250', '2026-04-04T14:02:00.000Z', 20051.5074, 'lseg', 'seed_ftse_250_h13');
INSERT INTO indicator_observations (indicator_id, observed_at, value, source_id, payload_hash) VALUES ('ftse_250', '2026-04-05T14:02:00.000Z', 20059.6006, 'lseg', 'seed_ftse_250_h12');
INSERT INTO indicator_observations (indicator_id, observed_at, value, source_id, payload_hash) VALUES ('ftse_250', '2026-04-06T14:02:00.000Z', 19966.9941, 'lseg', 'seed_ftse_250_h11');
INSERT INTO indicator_observations (indicator_id, observed_at, value, source_id, payload_hash) VALUES ('ftse_250', '2026-04-07T14:02:00.000Z', 20132.0774, 'lseg', 'seed_ftse_250_h10');
INSERT INTO indicator_observations (indicator_id, observed_at, value, source_id, payload_hash) VALUES ('ftse_250', '2026-04-08T14:02:00.000Z', 19685.9261, 'lseg', 'seed_ftse_250_h9');
INSERT INTO indicator_observations (indicator_id, observed_at, value, source_id, payload_hash) VALUES ('ftse_250', '2026-04-09T14:02:00.000Z', 19795.8112, 'lseg', 'seed_ftse_250_h8');
INSERT INTO indicator_observations (indicator_id, observed_at, value, source_id, payload_hash) VALUES ('ftse_250', '2026-04-10T14:02:00.000Z', 19747.2365, 'lseg', 'seed_ftse_250_h7');
INSERT INTO indicator_observations (indicator_id, observed_at, value, source_id, payload_hash) VALUES ('ftse_250', '2026-04-11T14:02:00.000Z', 20049.7837, 'lseg', 'seed_ftse_250_h6');
INSERT INTO indicator_observations (indicator_id, observed_at, value, source_id, payload_hash) VALUES ('ftse_250', '2026-04-12T14:02:00.000Z', 19783.2614, 'lseg', 'seed_ftse_250_h5');
INSERT INTO indicator_observations (indicator_id, observed_at, value, source_id, payload_hash) VALUES ('ftse_250', '2026-04-13T14:02:00.000Z', 19908.1439, 'lseg', 'seed_ftse_250_h4');
INSERT INTO indicator_observations (indicator_id, observed_at, value, source_id, payload_hash) VALUES ('ftse_250', '2026-04-14T14:02:00.000Z', 19896.9661, 'lseg', 'seed_ftse_250_h3');
INSERT INTO indicator_observations (indicator_id, observed_at, value, source_id, payload_hash) VALUES ('ftse_250', '2026-04-15T14:02:00.000Z', 19556.2128, 'lseg', 'seed_ftse_250_h2');
INSERT INTO indicator_observations (indicator_id, observed_at, value, source_id, payload_hash) VALUES ('ftse_250', '2026-04-16T14:02:00.000Z', 19854.9630, 'lseg', 'seed_ftse_250_h1');
INSERT INTO indicator_observations (indicator_id, observed_at, value, source_id, payload_hash) VALUES ('breakeven_5y', '2026-04-17T14:02:00.000Z', 3.2, 'boe_yields', 'seed_breakeven_5y');
INSERT INTO indicator_observations (indicator_id, observed_at, value, source_id, payload_hash) VALUES ('breakeven_5y', '2026-03-19T14:02:00.000Z', 3.2340, 'boe_yields', 'seed_breakeven_5y_h29');
INSERT INTO indicator_observations (indicator_id, observed_at, value, source_id, payload_hash) VALUES ('breakeven_5y', '2026-03-20T14:02:00.000Z', 3.2271, 'boe_yields', 'seed_breakeven_5y_h28');
INSERT INTO indicator_observations (indicator_id, observed_at, value, source_id, payload_hash) VALUES ('breakeven_5y', '2026-03-21T14:02:00.000Z', 3.1772, 'boe_yields', 'seed_breakeven_5y_h27');
INSERT INTO indicator_observations (indicator_id, observed_at, value, source_id, payload_hash) VALUES ('breakeven_5y', '2026-03-22T14:02:00.000Z', 3.1759, 'boe_yields', 'seed_breakeven_5y_h26');
INSERT INTO indicator_observations (indicator_id, observed_at, value, source_id, payload_hash) VALUES ('breakeven_5y', '2026-03-23T14:02:00.000Z', 3.2442, 'boe_yields', 'seed_breakeven_5y_h25');
INSERT INTO indicator_observations (indicator_id, observed_at, value, source_id, payload_hash) VALUES ('breakeven_5y', '2026-03-24T14:02:00.000Z', 3.2134, 'boe_yields', 'seed_breakeven_5y_h24');
INSERT INTO indicator_observations (indicator_id, observed_at, value, source_id, payload_hash) VALUES ('breakeven_5y', '2026-03-25T14:02:00.000Z', 3.1630, 'boe_yields', 'seed_breakeven_5y_h23');
INSERT INTO indicator_observations (indicator_id, observed_at, value, source_id, payload_hash) VALUES ('breakeven_5y', '2026-03-26T14:02:00.000Z', 3.2067, 'boe_yields', 'seed_breakeven_5y_h22');
INSERT INTO indicator_observations (indicator_id, observed_at, value, source_id, payload_hash) VALUES ('breakeven_5y', '2026-03-27T14:02:00.000Z', 3.1908, 'boe_yields', 'seed_breakeven_5y_h21');
INSERT INTO indicator_observations (indicator_id, observed_at, value, source_id, payload_hash) VALUES ('breakeven_5y', '2026-03-28T14:02:00.000Z', 3.1873, 'boe_yields', 'seed_breakeven_5y_h20');
INSERT INTO indicator_observations (indicator_id, observed_at, value, source_id, payload_hash) VALUES ('breakeven_5y', '2026-03-29T14:02:00.000Z', 3.2061, 'boe_yields', 'seed_breakeven_5y_h19');
INSERT INTO indicator_observations (indicator_id, observed_at, value, source_id, payload_hash) VALUES ('breakeven_5y', '2026-03-30T14:02:00.000Z', 3.1850, 'boe_yields', 'seed_breakeven_5y_h18');
INSERT INTO indicator_observations (indicator_id, observed_at, value, source_id, payload_hash) VALUES ('breakeven_5y', '2026-03-31T14:02:00.000Z', 3.1691, 'boe_yields', 'seed_breakeven_5y_h17');
INSERT INTO indicator_observations (indicator_id, observed_at, value, source_id, payload_hash) VALUES ('breakeven_5y', '2026-04-01T14:02:00.000Z', 3.2395, 'boe_yields', 'seed_breakeven_5y_h16');
INSERT INTO indicator_observations (indicator_id, observed_at, value, source_id, payload_hash) VALUES ('breakeven_5y', '2026-04-02T14:02:00.000Z', 3.1669, 'boe_yields', 'seed_breakeven_5y_h15');
INSERT INTO indicator_observations (indicator_id, observed_at, value, source_id, payload_hash) VALUES ('breakeven_5y', '2026-04-03T14:02:00.000Z', 3.2255, 'boe_yields', 'seed_breakeven_5y_h14');
INSERT INTO indicator_observations (indicator_id, observed_at, value, source_id, payload_hash) VALUES ('breakeven_5y', '2026-04-04T14:02:00.000Z', 3.1739, 'boe_yields', 'seed_breakeven_5y_h13');
INSERT INTO indicator_observations (indicator_id, observed_at, value, source_id, payload_hash) VALUES ('breakeven_5y', '2026-04-05T14:02:00.000Z', 3.2416, 'boe_yields', 'seed_breakeven_5y_h12');
INSERT INTO indicator_observations (indicator_id, observed_at, value, source_id, payload_hash) VALUES ('breakeven_5y', '2026-04-06T14:02:00.000Z', 3.2123, 'boe_yields', 'seed_breakeven_5y_h11');
INSERT INTO indicator_observations (indicator_id, observed_at, value, source_id, payload_hash) VALUES ('breakeven_5y', '2026-04-07T14:02:00.000Z', 3.1562, 'boe_yields', 'seed_breakeven_5y_h10');
INSERT INTO indicator_observations (indicator_id, observed_at, value, source_id, payload_hash) VALUES ('breakeven_5y', '2026-04-08T14:02:00.000Z', 3.2338, 'boe_yields', 'seed_breakeven_5y_h9');
INSERT INTO indicator_observations (indicator_id, observed_at, value, source_id, payload_hash) VALUES ('breakeven_5y', '2026-04-09T14:02:00.000Z', 3.2351, 'boe_yields', 'seed_breakeven_5y_h8');
INSERT INTO indicator_observations (indicator_id, observed_at, value, source_id, payload_hash) VALUES ('breakeven_5y', '2026-04-10T14:02:00.000Z', 3.2202, 'boe_yields', 'seed_breakeven_5y_h7');
INSERT INTO indicator_observations (indicator_id, observed_at, value, source_id, payload_hash) VALUES ('breakeven_5y', '2026-04-11T14:02:00.000Z', 3.2468, 'boe_yields', 'seed_breakeven_5y_h6');
INSERT INTO indicator_observations (indicator_id, observed_at, value, source_id, payload_hash) VALUES ('breakeven_5y', '2026-04-12T14:02:00.000Z', 3.1748, 'boe_yields', 'seed_breakeven_5y_h5');
INSERT INTO indicator_observations (indicator_id, observed_at, value, source_id, payload_hash) VALUES ('breakeven_5y', '2026-04-13T14:02:00.000Z', 3.1926, 'boe_yields', 'seed_breakeven_5y_h4');
INSERT INTO indicator_observations (indicator_id, observed_at, value, source_id, payload_hash) VALUES ('breakeven_5y', '2026-04-14T14:02:00.000Z', 3.1847, 'boe_yields', 'seed_breakeven_5y_h3');
INSERT INTO indicator_observations (indicator_id, observed_at, value, source_id, payload_hash) VALUES ('breakeven_5y', '2026-04-15T14:02:00.000Z', 3.2335, 'boe_yields', 'seed_breakeven_5y_h2');
INSERT INTO indicator_observations (indicator_id, observed_at, value, source_id, payload_hash) VALUES ('breakeven_5y', '2026-04-16T14:02:00.000Z', 3.1905, 'boe_yields', 'seed_breakeven_5y_h1');
INSERT INTO indicator_observations (indicator_id, observed_at, value, source_id, payload_hash) VALUES ('breakeven_10y', '2026-04-17T14:02:00.000Z', 3.4, 'boe_yields', 'seed_breakeven_10y');
INSERT INTO indicator_observations (indicator_id, observed_at, value, source_id, payload_hash) VALUES ('breakeven_10y', '2026-03-19T14:02:00.000Z', 3.4143, 'boe_yields', 'seed_breakeven_10y_h29');
INSERT INTO indicator_observations (indicator_id, observed_at, value, source_id, payload_hash) VALUES ('breakeven_10y', '2026-03-20T14:02:00.000Z', 3.4361, 'boe_yields', 'seed_breakeven_10y_h28');
INSERT INTO indicator_observations (indicator_id, observed_at, value, source_id, payload_hash) VALUES ('breakeven_10y', '2026-03-21T14:02:00.000Z', 3.4288, 'boe_yields', 'seed_breakeven_10y_h27');
INSERT INTO indicator_observations (indicator_id, observed_at, value, source_id, payload_hash) VALUES ('breakeven_10y', '2026-03-22T14:02:00.000Z', 3.3757, 'boe_yields', 'seed_breakeven_10y_h26');
INSERT INTO indicator_observations (indicator_id, observed_at, value, source_id, payload_hash) VALUES ('breakeven_10y', '2026-03-23T14:02:00.000Z', 3.3744, 'boe_yields', 'seed_breakeven_10y_h25');
INSERT INTO indicator_observations (indicator_id, observed_at, value, source_id, payload_hash) VALUES ('breakeven_10y', '2026-03-24T14:02:00.000Z', 3.4470, 'boe_yields', 'seed_breakeven_10y_h24');
INSERT INTO indicator_observations (indicator_id, observed_at, value, source_id, payload_hash) VALUES ('breakeven_10y', '2026-03-25T14:02:00.000Z', 3.4142, 'boe_yields', 'seed_breakeven_10y_h23');
INSERT INTO indicator_observations (indicator_id, observed_at, value, source_id, payload_hash) VALUES ('breakeven_10y', '2026-03-26T14:02:00.000Z', 3.3607, 'boe_yields', 'seed_breakeven_10y_h22');
INSERT INTO indicator_observations (indicator_id, observed_at, value, source_id, payload_hash) VALUES ('breakeven_10y', '2026-03-27T14:02:00.000Z', 3.4072, 'boe_yields', 'seed_breakeven_10y_h21');
INSERT INTO indicator_observations (indicator_id, observed_at, value, source_id, payload_hash) VALUES ('breakeven_10y', '2026-03-28T14:02:00.000Z', 3.3902, 'boe_yields', 'seed_breakeven_10y_h20');
INSERT INTO indicator_observations (indicator_id, observed_at, value, source_id, payload_hash) VALUES ('breakeven_10y', '2026-03-29T14:02:00.000Z', 3.3865, 'boe_yields', 'seed_breakeven_10y_h19');
INSERT INTO indicator_observations (indicator_id, observed_at, value, source_id, payload_hash) VALUES ('breakeven_10y', '2026-03-30T14:02:00.000Z', 3.4065, 'boe_yields', 'seed_breakeven_10y_h18');
INSERT INTO indicator_observations (indicator_id, observed_at, value, source_id, payload_hash) VALUES ('breakeven_10y', '2026-03-31T14:02:00.000Z', 3.3841, 'boe_yields', 'seed_breakeven_10y_h17');
INSERT INTO indicator_observations (indicator_id, observed_at, value, source_id, payload_hash) VALUES ('breakeven_10y', '2026-04-01T14:02:00.000Z', 3.3672, 'boe_yields', 'seed_breakeven_10y_h16');
INSERT INTO indicator_observations (indicator_id, observed_at, value, source_id, payload_hash) VALUES ('breakeven_10y', '2026-04-02T14:02:00.000Z', 3.4420, 'boe_yields', 'seed_breakeven_10y_h15');
INSERT INTO indicator_observations (indicator_id, observed_at, value, source_id, payload_hash) VALUES ('breakeven_10y', '2026-04-03T14:02:00.000Z', 3.3648, 'boe_yields', 'seed_breakeven_10y_h14');
INSERT INTO indicator_observations (indicator_id, observed_at, value, source_id, payload_hash) VALUES ('breakeven_10y', '2026-04-04T14:02:00.000Z', 3.4271, 'boe_yields', 'seed_breakeven_10y_h13');
INSERT INTO indicator_observations (indicator_id, observed_at, value, source_id, payload_hash) VALUES ('breakeven_10y', '2026-04-05T14:02:00.000Z', 3.3723, 'boe_yields', 'seed_breakeven_10y_h12');
INSERT INTO indicator_observations (indicator_id, observed_at, value, source_id, payload_hash) VALUES ('breakeven_10y', '2026-04-06T14:02:00.000Z', 3.4442, 'boe_yields', 'seed_breakeven_10y_h11');
INSERT INTO indicator_observations (indicator_id, observed_at, value, source_id, payload_hash) VALUES ('breakeven_10y', '2026-04-07T14:02:00.000Z', 3.4131, 'boe_yields', 'seed_breakeven_10y_h10');
INSERT INTO indicator_observations (indicator_id, observed_at, value, source_id, payload_hash) VALUES ('breakeven_10y', '2026-04-08T14:02:00.000Z', 3.3534, 'boe_yields', 'seed_breakeven_10y_h9');
INSERT INTO indicator_observations (indicator_id, observed_at, value, source_id, payload_hash) VALUES ('breakeven_10y', '2026-04-09T14:02:00.000Z', 3.4359, 'boe_yields', 'seed_breakeven_10y_h8');
INSERT INTO indicator_observations (indicator_id, observed_at, value, source_id, payload_hash) VALUES ('breakeven_10y', '2026-04-10T14:02:00.000Z', 3.4373, 'boe_yields', 'seed_breakeven_10y_h7');
INSERT INTO indicator_observations (indicator_id, observed_at, value, source_id, payload_hash) VALUES ('breakeven_10y', '2026-04-11T14:02:00.000Z', 3.4214, 'boe_yields', 'seed_breakeven_10y_h6');
INSERT INTO indicator_observations (indicator_id, observed_at, value, source_id, payload_hash) VALUES ('breakeven_10y', '2026-04-12T14:02:00.000Z', 3.4497, 'boe_yields', 'seed_breakeven_10y_h5');
INSERT INTO indicator_observations (indicator_id, observed_at, value, source_id, payload_hash) VALUES ('breakeven_10y', '2026-04-13T14:02:00.000Z', 3.3733, 'boe_yields', 'seed_breakeven_10y_h4');
INSERT INTO indicator_observations (indicator_id, observed_at, value, source_id, payload_hash) VALUES ('breakeven_10y', '2026-04-14T14:02:00.000Z', 3.3921, 'boe_yields', 'seed_breakeven_10y_h3');
INSERT INTO indicator_observations (indicator_id, observed_at, value, source_id, payload_hash) VALUES ('breakeven_10y', '2026-04-15T14:02:00.000Z', 3.3838, 'boe_yields', 'seed_breakeven_10y_h2');
INSERT INTO indicator_observations (indicator_id, observed_at, value, source_id, payload_hash) VALUES ('breakeven_10y', '2026-04-16T14:02:00.000Z', 3.4356, 'boe_yields', 'seed_breakeven_10y_h1');
INSERT INTO indicator_observations (indicator_id, observed_at, value, source_id, payload_hash) VALUES ('gilt_il_10y_real', '2026-04-17T14:02:00.000Z', 1.2, 'boe_yields', 'seed_gilt_il_10y_real');
INSERT INTO indicator_observations (indicator_id, observed_at, value, source_id, payload_hash) VALUES ('gilt_il_10y_real', '2026-03-19T14:02:00.000Z', 1.2111, 'boe_yields', 'seed_gilt_il_10y_real_h29');
INSERT INTO indicator_observations (indicator_id, observed_at, value, source_id, payload_hash) VALUES ('gilt_il_10y_real', '2026-03-20T14:02:00.000Z', 1.1999, 'boe_yields', 'seed_gilt_il_10y_real_h28');
INSERT INTO indicator_observations (indicator_id, observed_at, value, source_id, payload_hash) VALUES ('gilt_il_10y_real', '2026-03-21T14:02:00.000Z', 1.1849, 'boe_yields', 'seed_gilt_il_10y_real_h27');
INSERT INTO indicator_observations (indicator_id, observed_at, value, source_id, payload_hash) VALUES ('gilt_il_10y_real', '2026-03-22T14:02:00.000Z', 1.2050, 'boe_yields', 'seed_gilt_il_10y_real_h26');
INSERT INTO indicator_observations (indicator_id, observed_at, value, source_id, payload_hash) VALUES ('gilt_il_10y_real', '2026-03-23T14:02:00.000Z', 1.2127, 'boe_yields', 'seed_gilt_il_10y_real_h25');
INSERT INTO indicator_observations (indicator_id, observed_at, value, source_id, payload_hash) VALUES ('gilt_il_10y_real', '2026-03-24T14:02:00.000Z', 1.2102, 'boe_yields', 'seed_gilt_il_10y_real_h24');
INSERT INTO indicator_observations (indicator_id, observed_at, value, source_id, payload_hash) VALUES ('gilt_il_10y_real', '2026-03-25T14:02:00.000Z', 1.1914, 'boe_yields', 'seed_gilt_il_10y_real_h23');
INSERT INTO indicator_observations (indicator_id, observed_at, value, source_id, payload_hash) VALUES ('gilt_il_10y_real', '2026-03-26T14:02:00.000Z', 1.1910, 'boe_yields', 'seed_gilt_il_10y_real_h22');
INSERT INTO indicator_observations (indicator_id, observed_at, value, source_id, payload_hash) VALUES ('gilt_il_10y_real', '2026-03-27T14:02:00.000Z', 1.2166, 'boe_yields', 'seed_gilt_il_10y_real_h21');
INSERT INTO indicator_observations (indicator_id, observed_at, value, source_id, payload_hash) VALUES ('gilt_il_10y_real', '2026-03-28T14:02:00.000Z', 1.2050, 'boe_yields', 'seed_gilt_il_10y_real_h20');
INSERT INTO indicator_observations (indicator_id, observed_at, value, source_id, payload_hash) VALUES ('gilt_il_10y_real', '2026-03-29T14:02:00.000Z', 1.1861, 'boe_yields', 'seed_gilt_il_10y_real_h19');
INSERT INTO indicator_observations (indicator_id, observed_at, value, source_id, payload_hash) VALUES ('gilt_il_10y_real', '2026-03-30T14:02:00.000Z', 1.2025, 'boe_yields', 'seed_gilt_il_10y_real_h18');
INSERT INTO indicator_observations (indicator_id, observed_at, value, source_id, payload_hash) VALUES ('gilt_il_10y_real', '2026-03-31T14:02:00.000Z', 1.1966, 'boe_yields', 'seed_gilt_il_10y_real_h17');
INSERT INTO indicator_observations (indicator_id, observed_at, value, source_id, payload_hash) VALUES ('gilt_il_10y_real', '2026-04-01T14:02:00.000Z', 1.1952, 'boe_yields', 'seed_gilt_il_10y_real_h16');
INSERT INTO indicator_observations (indicator_id, observed_at, value, source_id, payload_hash) VALUES ('gilt_il_10y_real', '2026-04-02T14:02:00.000Z', 1.2023, 'boe_yields', 'seed_gilt_il_10y_real_h15');
INSERT INTO indicator_observations (indicator_id, observed_at, value, source_id, payload_hash) VALUES ('gilt_il_10y_real', '2026-04-03T14:02:00.000Z', 1.1944, 'boe_yields', 'seed_gilt_il_10y_real_h14');
INSERT INTO indicator_observations (indicator_id, observed_at, value, source_id, payload_hash) VALUES ('gilt_il_10y_real', '2026-04-04T14:02:00.000Z', 1.1884, 'boe_yields', 'seed_gilt_il_10y_real_h13');
INSERT INTO indicator_observations (indicator_id, observed_at, value, source_id, payload_hash) VALUES ('gilt_il_10y_real', '2026-04-05T14:02:00.000Z', 1.2148, 'boe_yields', 'seed_gilt_il_10y_real_h12');
INSERT INTO indicator_observations (indicator_id, observed_at, value, source_id, payload_hash) VALUES ('gilt_il_10y_real', '2026-04-06T14:02:00.000Z', 1.1876, 'boe_yields', 'seed_gilt_il_10y_real_h11');
INSERT INTO indicator_observations (indicator_id, observed_at, value, source_id, payload_hash) VALUES ('gilt_il_10y_real', '2026-04-07T14:02:00.000Z', 1.2096, 'boe_yields', 'seed_gilt_il_10y_real_h10');
INSERT INTO indicator_observations (indicator_id, observed_at, value, source_id, payload_hash) VALUES ('gilt_il_10y_real', '2026-04-08T14:02:00.000Z', 1.1902, 'boe_yields', 'seed_gilt_il_10y_real_h9');
INSERT INTO indicator_observations (indicator_id, observed_at, value, source_id, payload_hash) VALUES ('gilt_il_10y_real', '2026-04-09T14:02:00.000Z', 1.2156, 'boe_yields', 'seed_gilt_il_10y_real_h8');
INSERT INTO indicator_observations (indicator_id, observed_at, value, source_id, payload_hash) VALUES ('gilt_il_10y_real', '2026-04-10T14:02:00.000Z', 1.2046, 'boe_yields', 'seed_gilt_il_10y_real_h7');
INSERT INTO indicator_observations (indicator_id, observed_at, value, source_id, payload_hash) VALUES ('gilt_il_10y_real', '2026-04-11T14:02:00.000Z', 1.1836, 'boe_yields', 'seed_gilt_il_10y_real_h6');
INSERT INTO indicator_observations (indicator_id, observed_at, value, source_id, payload_hash) VALUES ('gilt_il_10y_real', '2026-04-12T14:02:00.000Z', 1.2127, 'boe_yields', 'seed_gilt_il_10y_real_h5');
INSERT INTO indicator_observations (indicator_id, observed_at, value, source_id, payload_hash) VALUES ('gilt_il_10y_real', '2026-04-13T14:02:00.000Z', 1.2132, 'boe_yields', 'seed_gilt_il_10y_real_h4');
INSERT INTO indicator_observations (indicator_id, observed_at, value, source_id, payload_hash) VALUES ('gilt_il_10y_real', '2026-04-14T14:02:00.000Z', 1.2076, 'boe_yields', 'seed_gilt_il_10y_real_h3');
INSERT INTO indicator_observations (indicator_id, observed_at, value, source_id, payload_hash) VALUES ('gilt_il_10y_real', '2026-04-15T14:02:00.000Z', 1.2175, 'boe_yields', 'seed_gilt_il_10y_real_h2');
INSERT INTO indicator_observations (indicator_id, observed_at, value, source_id, payload_hash) VALUES ('gilt_il_10y_real', '2026-04-16T14:02:00.000Z', 1.1906, 'boe_yields', 'seed_gilt_il_10y_real_h1');
INSERT INTO indicator_observations (indicator_id, observed_at, value, source_id, payload_hash) VALUES ('brent_gbp', '2026-04-17T14:02:00.000Z', 65.65, 'eia_brent', 'seed_brent_gbp');
INSERT INTO indicator_observations (indicator_id, observed_at, value, source_id, payload_hash) VALUES ('brent_gbp', '2026-03-19T14:02:00.000Z', 65.1553, 'eia_brent', 'seed_brent_gbp_h29');
INSERT INTO indicator_observations (indicator_id, observed_at, value, source_id, payload_hash) VALUES ('brent_gbp', '2026-03-20T14:02:00.000Z', 66.5573, 'eia_brent', 'seed_brent_gbp_h28');
INSERT INTO indicator_observations (indicator_id, observed_at, value, source_id, payload_hash) VALUES ('brent_gbp', '2026-03-21T14:02:00.000Z', 65.9250, 'eia_brent', 'seed_brent_gbp_h27');
INSERT INTO indicator_observations (indicator_id, observed_at, value, source_id, payload_hash) VALUES ('brent_gbp', '2026-03-22T14:02:00.000Z', 64.8909, 'eia_brent', 'seed_brent_gbp_h26');
INSERT INTO indicator_observations (indicator_id, observed_at, value, source_id, payload_hash) VALUES ('brent_gbp', '2026-03-23T14:02:00.000Z', 65.7882, 'eia_brent', 'seed_brent_gbp_h25');
INSERT INTO indicator_observations (indicator_id, observed_at, value, source_id, payload_hash) VALUES ('brent_gbp', '2026-03-24T14:02:00.000Z', 65.4616, 'eia_brent', 'seed_brent_gbp_h24');
INSERT INTO indicator_observations (indicator_id, observed_at, value, source_id, payload_hash) VALUES ('brent_gbp', '2026-03-25T14:02:00.000Z', 65.3895, 'eia_brent', 'seed_brent_gbp_h23');
INSERT INTO indicator_observations (indicator_id, observed_at, value, source_id, payload_hash) VALUES ('brent_gbp', '2026-03-26T14:02:00.000Z', 65.7754, 'eia_brent', 'seed_brent_gbp_h22');
INSERT INTO indicator_observations (indicator_id, observed_at, value, source_id, payload_hash) VALUES ('brent_gbp', '2026-03-27T14:02:00.000Z', 65.3422, 'eia_brent', 'seed_brent_gbp_h21');
INSERT INTO indicator_observations (indicator_id, observed_at, value, source_id, payload_hash) VALUES ('brent_gbp', '2026-03-28T14:02:00.000Z', 65.0158, 'eia_brent', 'seed_brent_gbp_h20');
INSERT INTO indicator_observations (indicator_id, observed_at, value, source_id, payload_hash) VALUES ('brent_gbp', '2026-03-29T14:02:00.000Z', 66.4612, 'eia_brent', 'seed_brent_gbp_h19');
INSERT INTO indicator_observations (indicator_id, observed_at, value, source_id, payload_hash) VALUES ('brent_gbp', '2026-03-30T14:02:00.000Z', 64.9702, 'eia_brent', 'seed_brent_gbp_h18');
INSERT INTO indicator_observations (indicator_id, observed_at, value, source_id, payload_hash) VALUES ('brent_gbp', '2026-03-31T14:02:00.000Z', 66.1736, 'eia_brent', 'seed_brent_gbp_h17');
INSERT INTO indicator_observations (indicator_id, observed_at, value, source_id, payload_hash) VALUES ('brent_gbp', '2026-04-01T14:02:00.000Z', 65.1146, 'eia_brent', 'seed_brent_gbp_h16');
INSERT INTO indicator_observations (indicator_id, observed_at, value, source_id, payload_hash) VALUES ('brent_gbp', '2026-04-02T14:02:00.000Z', 66.5038, 'eia_brent', 'seed_brent_gbp_h15');
INSERT INTO indicator_observations (indicator_id, observed_at, value, source_id, payload_hash) VALUES ('brent_gbp', '2026-04-03T14:02:00.000Z', 65.9022, 'eia_brent', 'seed_brent_gbp_h14');
INSERT INTO indicator_observations (indicator_id, observed_at, value, source_id, payload_hash) VALUES ('brent_gbp', '2026-04-04T14:02:00.000Z', 64.7508, 'eia_brent', 'seed_brent_gbp_h13');
INSERT INTO indicator_observations (indicator_id, observed_at, value, source_id, payload_hash) VALUES ('brent_gbp', '2026-04-05T14:02:00.000Z', 66.3432, 'eia_brent', 'seed_brent_gbp_h12');
INSERT INTO indicator_observations (indicator_id, observed_at, value, source_id, payload_hash) VALUES ('brent_gbp', '2026-04-06T14:02:00.000Z', 66.3700, 'eia_brent', 'seed_brent_gbp_h11');
INSERT INTO indicator_observations (indicator_id, observed_at, value, source_id, payload_hash) VALUES ('brent_gbp', '2026-04-07T14:02:00.000Z', 66.0636, 'eia_brent', 'seed_brent_gbp_h10');
INSERT INTO indicator_observations (indicator_id, observed_at, value, source_id, payload_hash) VALUES ('brent_gbp', '2026-04-08T14:02:00.000Z', 66.6098, 'eia_brent', 'seed_brent_gbp_h9');
INSERT INTO indicator_observations (indicator_id, observed_at, value, source_id, payload_hash) VALUES ('brent_gbp', '2026-04-09T14:02:00.000Z', 65.1336, 'eia_brent', 'seed_brent_gbp_h8');
INSERT INTO indicator_observations (indicator_id, observed_at, value, source_id, payload_hash) VALUES ('brent_gbp', '2026-04-10T14:02:00.000Z', 65.4972, 'eia_brent', 'seed_brent_gbp_h7');
INSERT INTO indicator_observations (indicator_id, observed_at, value, source_id, payload_hash) VALUES ('brent_gbp', '2026-04-11T14:02:00.000Z', 65.3365, 'eia_brent', 'seed_brent_gbp_h6');
INSERT INTO indicator_observations (indicator_id, observed_at, value, source_id, payload_hash) VALUES ('brent_gbp', '2026-04-12T14:02:00.000Z', 66.3375, 'eia_brent', 'seed_brent_gbp_h5');
INSERT INTO indicator_observations (indicator_id, observed_at, value, source_id, payload_hash) VALUES ('brent_gbp', '2026-04-13T14:02:00.000Z', 65.4557, 'eia_brent', 'seed_brent_gbp_h4');
INSERT INTO indicator_observations (indicator_id, observed_at, value, source_id, payload_hash) VALUES ('brent_gbp', '2026-04-14T14:02:00.000Z', 65.8688, 'eia_brent', 'seed_brent_gbp_h3');
INSERT INTO indicator_observations (indicator_id, observed_at, value, source_id, payload_hash) VALUES ('brent_gbp', '2026-04-15T14:02:00.000Z', 65.8319, 'eia_brent', 'seed_brent_gbp_h2');
INSERT INTO indicator_observations (indicator_id, observed_at, value, source_id, payload_hash) VALUES ('brent_gbp', '2026-04-16T14:02:00.000Z', 64.7044, 'eia_brent', 'seed_brent_gbp_h1');
INSERT INTO indicator_observations (indicator_id, observed_at, value, source_id, payload_hash) VALUES ('housebuilder_idx', '2026-04-17T14:02:00.000Z', 71.7, 'twelve_data_housebuilders', 'seed_housebuilder_idx');
INSERT INTO indicator_observations (indicator_id, observed_at, value, source_id, payload_hash) VALUES ('housebuilder_idx', '2026-03-19T14:02:00.000Z', 72.3640, 'twelve_data_housebuilders', 'seed_housebuilder_idx_h29');
INSERT INTO indicator_observations (indicator_id, observed_at, value, source_id, payload_hash) VALUES ('housebuilder_idx', '2026-03-20T14:02:00.000Z', 71.6958, 'twelve_data_housebuilders', 'seed_housebuilder_idx_h28');
INSERT INTO indicator_observations (indicator_id, observed_at, value, source_id, payload_hash) VALUES ('housebuilder_idx', '2026-03-21T14:02:00.000Z', 70.7965, 'twelve_data_housebuilders', 'seed_housebuilder_idx_h27');
INSERT INTO indicator_observations (indicator_id, observed_at, value, source_id, payload_hash) VALUES ('housebuilder_idx', '2026-03-22T14:02:00.000Z', 72.0008, 'twelve_data_housebuilders', 'seed_housebuilder_idx_h26');
INSERT INTO indicator_observations (indicator_id, observed_at, value, source_id, payload_hash) VALUES ('housebuilder_idx', '2026-03-23T14:02:00.000Z', 72.4614, 'twelve_data_housebuilders', 'seed_housebuilder_idx_h25');
INSERT INTO indicator_observations (indicator_id, observed_at, value, source_id, payload_hash) VALUES ('housebuilder_idx', '2026-03-24T14:02:00.000Z', 72.3071, 'twelve_data_housebuilders', 'seed_housebuilder_idx_h24');
INSERT INTO indicator_observations (indicator_id, observed_at, value, source_id, payload_hash) VALUES ('housebuilder_idx', '2026-03-25T14:02:00.000Z', 71.1884, 'twelve_data_housebuilders', 'seed_housebuilder_idx_h23');
INSERT INTO indicator_observations (indicator_id, observed_at, value, source_id, payload_hash) VALUES ('housebuilder_idx', '2026-03-26T14:02:00.000Z', 71.1597, 'twelve_data_housebuilders', 'seed_housebuilder_idx_h22');
INSERT INTO indicator_observations (indicator_id, observed_at, value, source_id, payload_hash) VALUES ('housebuilder_idx', '2026-03-27T14:02:00.000Z', 72.6909, 'twelve_data_housebuilders', 'seed_housebuilder_idx_h21');
INSERT INTO indicator_observations (indicator_id, observed_at, value, source_id, payload_hash) VALUES ('housebuilder_idx', '2026-03-28T14:02:00.000Z', 72.0003, 'twelve_data_housebuilders', 'seed_housebuilder_idx_h20');
INSERT INTO indicator_observations (indicator_id, observed_at, value, source_id, payload_hash) VALUES ('housebuilder_idx', '2026-03-29T14:02:00.000Z', 70.8710, 'twelve_data_housebuilders', 'seed_housebuilder_idx_h19');
INSERT INTO indicator_observations (indicator_id, observed_at, value, source_id, payload_hash) VALUES ('housebuilder_idx', '2026-03-30T14:02:00.000Z', 71.8509, 'twelve_data_housebuilders', 'seed_housebuilder_idx_h18');
INSERT INTO indicator_observations (indicator_id, observed_at, value, source_id, payload_hash) VALUES ('housebuilder_idx', '2026-03-31T14:02:00.000Z', 71.4942, 'twelve_data_housebuilders', 'seed_housebuilder_idx_h17');
INSERT INTO indicator_observations (indicator_id, observed_at, value, source_id, payload_hash) VALUES ('housebuilder_idx', '2026-04-01T14:02:00.000Z', 71.4155, 'twelve_data_housebuilders', 'seed_housebuilder_idx_h16');
INSERT INTO indicator_observations (indicator_id, observed_at, value, source_id, payload_hash) VALUES ('housebuilder_idx', '2026-04-02T14:02:00.000Z', 71.8370, 'twelve_data_housebuilders', 'seed_housebuilder_idx_h15');
INSERT INTO indicator_observations (indicator_id, observed_at, value, source_id, payload_hash) VALUES ('housebuilder_idx', '2026-04-03T14:02:00.000Z', 71.3638, 'twelve_data_housebuilders', 'seed_housebuilder_idx_h14');
INSERT INTO indicator_observations (indicator_id, observed_at, value, source_id, payload_hash) VALUES ('housebuilder_idx', '2026-04-04T14:02:00.000Z', 71.0074, 'twelve_data_housebuilders', 'seed_housebuilder_idx_h13');
INSERT INTO indicator_observations (indicator_id, observed_at, value, source_id, payload_hash) VALUES ('housebuilder_idx', '2026-04-05T14:02:00.000Z', 72.5860, 'twelve_data_housebuilders', 'seed_housebuilder_idx_h12');
INSERT INTO indicator_observations (indicator_id, observed_at, value, source_id, payload_hash) VALUES ('housebuilder_idx', '2026-04-06T14:02:00.000Z', 70.9575, 'twelve_data_housebuilders', 'seed_housebuilder_idx_h11');
INSERT INTO indicator_observations (indicator_id, observed_at, value, source_id, payload_hash) VALUES ('housebuilder_idx', '2026-04-07T14:02:00.000Z', 72.2718, 'twelve_data_housebuilders', 'seed_housebuilder_idx_h10');
INSERT INTO indicator_observations (indicator_id, observed_at, value, source_id, payload_hash) VALUES ('housebuilder_idx', '2026-04-08T14:02:00.000Z', 71.1153, 'twelve_data_housebuilders', 'seed_housebuilder_idx_h9');
INSERT INTO indicator_observations (indicator_id, observed_at, value, source_id, payload_hash) VALUES ('housebuilder_idx', '2026-04-09T14:02:00.000Z', 72.6325, 'twelve_data_housebuilders', 'seed_housebuilder_idx_h8');
INSERT INTO indicator_observations (indicator_id, observed_at, value, source_id, payload_hash) VALUES ('housebuilder_idx', '2026-04-10T14:02:00.000Z', 71.9755, 'twelve_data_housebuilders', 'seed_housebuilder_idx_h7');
INSERT INTO indicator_observations (indicator_id, observed_at, value, source_id, payload_hash) VALUES ('housebuilder_idx', '2026-04-11T14:02:00.000Z', 70.7180, 'twelve_data_housebuilders', 'seed_housebuilder_idx_h6');
INSERT INTO indicator_observations (indicator_id, observed_at, value, source_id, payload_hash) VALUES ('housebuilder_idx', '2026-04-12T14:02:00.000Z', 72.4571, 'twelve_data_housebuilders', 'seed_housebuilder_idx_h5');
INSERT INTO indicator_observations (indicator_id, observed_at, value, source_id, payload_hash) VALUES ('housebuilder_idx', '2026-04-13T14:02:00.000Z', 72.4863, 'twelve_data_housebuilders', 'seed_housebuilder_idx_h4');
INSERT INTO indicator_observations (indicator_id, observed_at, value, source_id, payload_hash) VALUES ('housebuilder_idx', '2026-04-14T14:02:00.000Z', 72.1517, 'twelve_data_housebuilders', 'seed_housebuilder_idx_h3');
INSERT INTO indicator_observations (indicator_id, observed_at, value, source_id, payload_hash) VALUES ('housebuilder_idx', '2026-04-15T14:02:00.000Z', 72.7482, 'twelve_data_housebuilders', 'seed_housebuilder_idx_h2');
INSERT INTO indicator_observations (indicator_id, observed_at, value, source_id, payload_hash) VALUES ('housebuilder_idx', '2026-04-16T14:02:00.000Z', 71.1360, 'twelve_data_housebuilders', 'seed_housebuilder_idx_h1');
INSERT INTO indicator_observations (indicator_id, observed_at, value, source_id, payload_hash) VALUES ('services_pmi', '2026-04-17T14:02:00.000Z', 50.4, 'sp_global_pmi', 'seed_services_pmi');
INSERT INTO indicator_observations (indicator_id, observed_at, value, source_id, payload_hash) VALUES ('services_pmi', '2026-03-19T14:02:00.000Z', 50.9352, 'sp_global_pmi', 'seed_services_pmi_h29');
INSERT INTO indicator_observations (indicator_id, observed_at, value, source_id, payload_hash) VALUES ('services_pmi', '2026-03-20T14:02:00.000Z', 50.8267, 'sp_global_pmi', 'seed_services_pmi_h28');
INSERT INTO indicator_observations (indicator_id, observed_at, value, source_id, payload_hash) VALUES ('services_pmi', '2026-03-21T14:02:00.000Z', 50.0404, 'sp_global_pmi', 'seed_services_pmi_h27');
INSERT INTO indicator_observations (indicator_id, observed_at, value, source_id, payload_hash) VALUES ('services_pmi', '2026-03-22T14:02:00.000Z', 50.0202, 'sp_global_pmi', 'seed_services_pmi_h26');
INSERT INTO indicator_observations (indicator_id, observed_at, value, source_id, payload_hash) VALUES ('services_pmi', '2026-03-23T14:02:00.000Z', 51.0965, 'sp_global_pmi', 'seed_services_pmi_h25');
INSERT INTO indicator_observations (indicator_id, observed_at, value, source_id, payload_hash) VALUES ('services_pmi', '2026-03-24T14:02:00.000Z', 50.6111, 'sp_global_pmi', 'seed_services_pmi_h24');
INSERT INTO indicator_observations (indicator_id, observed_at, value, source_id, payload_hash) VALUES ('services_pmi', '2026-03-25T14:02:00.000Z', 49.8172, 'sp_global_pmi', 'seed_services_pmi_h23');
INSERT INTO indicator_observations (indicator_id, observed_at, value, source_id, payload_hash) VALUES ('services_pmi', '2026-03-26T14:02:00.000Z', 50.5061, 'sp_global_pmi', 'seed_services_pmi_h22');
INSERT INTO indicator_observations (indicator_id, observed_at, value, source_id, payload_hash) VALUES ('services_pmi', '2026-03-27T14:02:00.000Z', 50.2553, 'sp_global_pmi', 'seed_services_pmi_h21');
INSERT INTO indicator_observations (indicator_id, observed_at, value, source_id, payload_hash) VALUES ('services_pmi', '2026-03-28T14:02:00.000Z', 50.2000, 'sp_global_pmi', 'seed_services_pmi_h20');
INSERT INTO indicator_observations (indicator_id, observed_at, value, source_id, payload_hash) VALUES ('services_pmi', '2026-03-29T14:02:00.000Z', 50.4963, 'sp_global_pmi', 'seed_services_pmi_h19');
INSERT INTO indicator_observations (indicator_id, observed_at, value, source_id, payload_hash) VALUES ('services_pmi', '2026-03-30T14:02:00.000Z', 50.1637, 'sp_global_pmi', 'seed_services_pmi_h18');
INSERT INTO indicator_observations (indicator_id, observed_at, value, source_id, payload_hash) VALUES ('services_pmi', '2026-03-31T14:02:00.000Z', 49.9131, 'sp_global_pmi', 'seed_services_pmi_h17');
INSERT INTO indicator_observations (indicator_id, observed_at, value, source_id, payload_hash) VALUES ('services_pmi', '2026-04-01T14:02:00.000Z', 51.0228, 'sp_global_pmi', 'seed_services_pmi_h16');
INSERT INTO indicator_observations (indicator_id, observed_at, value, source_id, payload_hash) VALUES ('services_pmi', '2026-04-02T14:02:00.000Z', 49.8781, 'sp_global_pmi', 'seed_services_pmi_h15');
INSERT INTO indicator_observations (indicator_id, observed_at, value, source_id, payload_hash) VALUES ('services_pmi', '2026-04-03T14:02:00.000Z', 50.8020, 'sp_global_pmi', 'seed_services_pmi_h14');
INSERT INTO indicator_observations (indicator_id, observed_at, value, source_id, payload_hash) VALUES ('services_pmi', '2026-04-04T14:02:00.000Z', 49.9890, 'sp_global_pmi', 'seed_services_pmi_h13');
INSERT INTO indicator_observations (indicator_id, observed_at, value, source_id, payload_hash) VALUES ('services_pmi', '2026-04-05T14:02:00.000Z', 51.0555, 'sp_global_pmi', 'seed_services_pmi_h12');
INSERT INTO indicator_observations (indicator_id, observed_at, value, source_id, payload_hash) VALUES ('services_pmi', '2026-04-06T14:02:00.000Z', 50.5936, 'sp_global_pmi', 'seed_services_pmi_h11');
INSERT INTO indicator_observations (indicator_id, observed_at, value, source_id, payload_hash) VALUES ('services_pmi', '2026-04-07T14:02:00.000Z', 49.7097, 'sp_global_pmi', 'seed_services_pmi_h10');
INSERT INTO indicator_observations (indicator_id, observed_at, value, source_id, payload_hash) VALUES ('services_pmi', '2026-04-08T14:02:00.000Z', 50.9322, 'sp_global_pmi', 'seed_services_pmi_h9');
INSERT INTO indicator_observations (indicator_id, observed_at, value, source_id, payload_hash) VALUES ('services_pmi', '2026-04-09T14:02:00.000Z', 50.9527, 'sp_global_pmi', 'seed_services_pmi_h8');
INSERT INTO indicator_observations (indicator_id, observed_at, value, source_id, payload_hash) VALUES ('services_pmi', '2026-04-10T14:02:00.000Z', 50.7175, 'sp_global_pmi', 'seed_services_pmi_h7');
INSERT INTO indicator_observations (indicator_id, observed_at, value, source_id, payload_hash) VALUES ('services_pmi', '2026-04-11T14:02:00.000Z', 51.1368, 'sp_global_pmi', 'seed_services_pmi_h6');
INSERT INTO indicator_observations (indicator_id, observed_at, value, source_id, payload_hash) VALUES ('services_pmi', '2026-04-12T14:02:00.000Z', 50.0036, 'sp_global_pmi', 'seed_services_pmi_h5');
INSERT INTO indicator_observations (indicator_id, observed_at, value, source_id, payload_hash) VALUES ('services_pmi', '2026-04-13T14:02:00.000Z', 50.2827, 'sp_global_pmi', 'seed_services_pmi_h4');
INSERT INTO indicator_observations (indicator_id, observed_at, value, source_id, payload_hash) VALUES ('services_pmi', '2026-04-14T14:02:00.000Z', 50.1593, 'sp_global_pmi', 'seed_services_pmi_h3');
INSERT INTO indicator_observations (indicator_id, observed_at, value, source_id, payload_hash) VALUES ('services_pmi', '2026-04-15T14:02:00.000Z', 50.9278, 'sp_global_pmi', 'seed_services_pmi_h2');
INSERT INTO indicator_observations (indicator_id, observed_at, value, source_id, payload_hash) VALUES ('services_pmi', '2026-04-16T14:02:00.000Z', 50.2508, 'sp_global_pmi', 'seed_services_pmi_h1');
INSERT INTO indicator_observations (indicator_id, observed_at, value, source_id, payload_hash) VALUES ('consumer_confidence', '2026-04-17T14:02:00.000Z', -19, 'gfk_confidence', 'seed_consumer_confidence');
INSERT INTO indicator_observations (indicator_id, observed_at, value, source_id, payload_hash) VALUES ('consumer_confidence', '2026-03-19T14:02:00.000Z', -18.9619, 'gfk_confidence', 'seed_consumer_confidence_h29');
INSERT INTO indicator_observations (indicator_id, observed_at, value, source_id, payload_hash) VALUES ('consumer_confidence', '2026-03-20T14:02:00.000Z', -18.7655, 'gfk_confidence', 'seed_consumer_confidence_h28');
INSERT INTO indicator_observations (indicator_id, observed_at, value, source_id, payload_hash) VALUES ('consumer_confidence', '2026-03-21T14:02:00.000Z', -19.1359, 'gfk_confidence', 'seed_consumer_confidence_h27');
INSERT INTO indicator_observations (indicator_id, observed_at, value, source_id, payload_hash) VALUES ('consumer_confidence', '2026-03-22T14:02:00.000Z', -19.1759, 'gfk_confidence', 'seed_consumer_confidence_h26');
INSERT INTO indicator_observations (indicator_id, observed_at, value, source_id, payload_hash) VALUES ('consumer_confidence', '2026-03-23T14:02:00.000Z', -18.9989, 'gfk_confidence', 'seed_consumer_confidence_h25');
INSERT INTO indicator_observations (indicator_id, observed_at, value, source_id, payload_hash) VALUES ('consumer_confidence', '2026-03-24T14:02:00.000Z', -18.7606, 'gfk_confidence', 'seed_consumer_confidence_h24');
INSERT INTO indicator_observations (indicator_id, observed_at, value, source_id, payload_hash) VALUES ('consumer_confidence', '2026-03-25T14:02:00.000Z', -19.0797, 'gfk_confidence', 'seed_consumer_confidence_h23');
INSERT INTO indicator_observations (indicator_id, observed_at, value, source_id, payload_hash) VALUES ('consumer_confidence', '2026-03-26T14:02:00.000Z', -19.2018, 'gfk_confidence', 'seed_consumer_confidence_h22');
INSERT INTO indicator_observations (indicator_id, observed_at, value, source_id, payload_hash) VALUES ('consumer_confidence', '2026-03-27T14:02:00.000Z', -19.1609, 'gfk_confidence', 'seed_consumer_confidence_h21');
INSERT INTO indicator_observations (indicator_id, observed_at, value, source_id, payload_hash) VALUES ('consumer_confidence', '2026-03-28T14:02:00.000Z', -18.8644, 'gfk_confidence', 'seed_consumer_confidence_h20');
INSERT INTO indicator_observations (indicator_id, observed_at, value, source_id, payload_hash) VALUES ('consumer_confidence', '2026-03-29T14:02:00.000Z', -18.8568, 'gfk_confidence', 'seed_consumer_confidence_h19');
INSERT INTO indicator_observations (indicator_id, observed_at, value, source_id, payload_hash) VALUES ('consumer_confidence', '2026-03-30T14:02:00.000Z', -19.2626, 'gfk_confidence', 'seed_consumer_confidence_h18');
INSERT INTO indicator_observations (indicator_id, observed_at, value, source_id, payload_hash) VALUES ('consumer_confidence', '2026-03-31T14:02:00.000Z', -19.0796, 'gfk_confidence', 'seed_consumer_confidence_h17');
INSERT INTO indicator_observations (indicator_id, observed_at, value, source_id, payload_hash) VALUES ('consumer_confidence', '2026-04-01T14:02:00.000Z', -18.7803, 'gfk_confidence', 'seed_consumer_confidence_h16');
INSERT INTO indicator_observations (indicator_id, observed_at, value, source_id, payload_hash) VALUES ('consumer_confidence', '2026-04-02T14:02:00.000Z', -19.0400, 'gfk_confidence', 'seed_consumer_confidence_h15');
INSERT INTO indicator_observations (indicator_id, observed_at, value, source_id, payload_hash) VALUES ('consumer_confidence', '2026-04-03T14:02:00.000Z', -18.9455, 'gfk_confidence', 'seed_consumer_confidence_h14');
INSERT INTO indicator_observations (indicator_id, observed_at, value, source_id, payload_hash) VALUES ('consumer_confidence', '2026-04-04T14:02:00.000Z', -18.9246, 'gfk_confidence', 'seed_consumer_confidence_h13');
INSERT INTO indicator_observations (indicator_id, observed_at, value, source_id, payload_hash) VALUES ('consumer_confidence', '2026-04-05T14:02:00.000Z', -19.0363, 'gfk_confidence', 'seed_consumer_confidence_h12');
INSERT INTO indicator_observations (indicator_id, observed_at, value, source_id, payload_hash) VALUES ('consumer_confidence', '2026-04-06T14:02:00.000Z', -18.9109, 'gfk_confidence', 'seed_consumer_confidence_h11');
INSERT INTO indicator_observations (indicator_id, observed_at, value, source_id, payload_hash) VALUES ('consumer_confidence', '2026-04-07T14:02:00.000Z', -18.8165, 'gfk_confidence', 'seed_consumer_confidence_h10');
INSERT INTO indicator_observations (indicator_id, observed_at, value, source_id, payload_hash) VALUES ('consumer_confidence', '2026-04-08T14:02:00.000Z', -19.2348, 'gfk_confidence', 'seed_consumer_confidence_h9');
INSERT INTO indicator_observations (indicator_id, observed_at, value, source_id, payload_hash) VALUES ('consumer_confidence', '2026-04-09T14:02:00.000Z', -18.8033, 'gfk_confidence', 'seed_consumer_confidence_h8');
INSERT INTO indicator_observations (indicator_id, observed_at, value, source_id, payload_hash) VALUES ('consumer_confidence', '2026-04-10T14:02:00.000Z', -19.1515, 'gfk_confidence', 'seed_consumer_confidence_h7');
INSERT INTO indicator_observations (indicator_id, observed_at, value, source_id, payload_hash) VALUES ('consumer_confidence', '2026-04-11T14:02:00.000Z', -18.8450, 'gfk_confidence', 'seed_consumer_confidence_h6');
INSERT INTO indicator_observations (indicator_id, observed_at, value, source_id, payload_hash) VALUES ('consumer_confidence', '2026-04-12T14:02:00.000Z', -19.2471, 'gfk_confidence', 'seed_consumer_confidence_h5');
INSERT INTO indicator_observations (indicator_id, observed_at, value, source_id, payload_hash) VALUES ('consumer_confidence', '2026-04-13T14:02:00.000Z', -19.0730, 'gfk_confidence', 'seed_consumer_confidence_h4');
INSERT INTO indicator_observations (indicator_id, observed_at, value, source_id, payload_hash) VALUES ('consumer_confidence', '2026-04-14T14:02:00.000Z', -18.7398, 'gfk_confidence', 'seed_consumer_confidence_h3');
INSERT INTO indicator_observations (indicator_id, observed_at, value, source_id, payload_hash) VALUES ('consumer_confidence', '2026-04-15T14:02:00.000Z', -19.2006, 'gfk_confidence', 'seed_consumer_confidence_h2');
INSERT INTO indicator_observations (indicator_id, observed_at, value, source_id, payload_hash) VALUES ('consumer_confidence', '2026-04-16T14:02:00.000Z', -19.2084, 'gfk_confidence', 'seed_consumer_confidence_h1');
INSERT INTO indicator_observations (indicator_id, observed_at, value, source_id, payload_hash) VALUES ('rics_price_balance', '2026-04-17T14:02:00.000Z', 8, 'rics_rms', 'seed_rics_price_balance');
INSERT INTO indicator_observations (indicator_id, observed_at, value, source_id, payload_hash) VALUES ('rics_price_balance', '2026-03-19T14:02:00.000Z', 7.9012, 'rics_rms', 'seed_rics_price_balance_h29');
INSERT INTO indicator_observations (indicator_id, observed_at, value, source_id, payload_hash) VALUES ('rics_price_balance', '2026-03-20T14:02:00.000Z', 8.0572, 'rics_rms', 'seed_rics_price_balance_h28');
INSERT INTO indicator_observations (indicator_id, observed_at, value, source_id, payload_hash) VALUES ('rics_price_balance', '2026-03-21T14:02:00.000Z', 8.0741, 'rics_rms', 'seed_rics_price_balance_h27');
INSERT INTO indicator_observations (indicator_id, observed_at, value, source_id, payload_hash) VALUES ('rics_price_balance', '2026-03-22T14:02:00.000Z', 7.9995, 'rics_rms', 'seed_rics_price_balance_h26');
INSERT INTO indicator_observations (indicator_id, observed_at, value, source_id, payload_hash) VALUES ('rics_price_balance', '2026-03-23T14:02:00.000Z', 7.8992, 'rics_rms', 'seed_rics_price_balance_h25');
INSERT INTO indicator_observations (indicator_id, observed_at, value, source_id, payload_hash) VALUES ('rics_price_balance', '2026-03-24T14:02:00.000Z', 8.0336, 'rics_rms', 'seed_rics_price_balance_h24');
INSERT INTO indicator_observations (indicator_id, observed_at, value, source_id, payload_hash) VALUES ('rics_price_balance', '2026-03-25T14:02:00.000Z', 8.0850, 'rics_rms', 'seed_rics_price_balance_h23');
INSERT INTO indicator_observations (indicator_id, observed_at, value, source_id, payload_hash) VALUES ('rics_price_balance', '2026-03-26T14:02:00.000Z', 8.0677, 'rics_rms', 'seed_rics_price_balance_h22');
INSERT INTO indicator_observations (indicator_id, observed_at, value, source_id, payload_hash) VALUES ('rics_price_balance', '2026-03-27T14:02:00.000Z', 7.9429, 'rics_rms', 'seed_rics_price_balance_h21');
INSERT INTO indicator_observations (indicator_id, observed_at, value, source_id, payload_hash) VALUES ('rics_price_balance', '2026-03-28T14:02:00.000Z', 7.9397, 'rics_rms', 'seed_rics_price_balance_h20');
INSERT INTO indicator_observations (indicator_id, observed_at, value, source_id, payload_hash) VALUES ('rics_price_balance', '2026-03-29T14:02:00.000Z', 8.1106, 'rics_rms', 'seed_rics_price_balance_h19');
INSERT INTO indicator_observations (indicator_id, observed_at, value, source_id, payload_hash) VALUES ('rics_price_balance', '2026-03-30T14:02:00.000Z', 8.0335, 'rics_rms', 'seed_rics_price_balance_h18');
INSERT INTO indicator_observations (indicator_id, observed_at, value, source_id, payload_hash) VALUES ('rics_price_balance', '2026-03-31T14:02:00.000Z', 7.9075, 'rics_rms', 'seed_rics_price_balance_h17');
INSERT INTO indicator_observations (indicator_id, observed_at, value, source_id, payload_hash) VALUES ('rics_price_balance', '2026-04-01T14:02:00.000Z', 8.0168, 'rics_rms', 'seed_rics_price_balance_h16');
INSERT INTO indicator_observations (indicator_id, observed_at, value, source_id, payload_hash) VALUES ('rics_price_balance', '2026-04-02T14:02:00.000Z', 7.9770, 'rics_rms', 'seed_rics_price_balance_h15');
INSERT INTO indicator_observations (indicator_id, observed_at, value, source_id, payload_hash) VALUES ('rics_price_balance', '2026-04-03T14:02:00.000Z', 7.9683, 'rics_rms', 'seed_rics_price_balance_h14');
INSERT INTO indicator_observations (indicator_id, observed_at, value, source_id, payload_hash) VALUES ('rics_price_balance', '2026-04-04T14:02:00.000Z', 8.0153, 'rics_rms', 'seed_rics_price_balance_h13');
INSERT INTO indicator_observations (indicator_id, observed_at, value, source_id, payload_hash) VALUES ('rics_price_balance', '2026-04-05T14:02:00.000Z', 7.9625, 'rics_rms', 'seed_rics_price_balance_h12');
INSERT INTO indicator_observations (indicator_id, observed_at, value, source_id, payload_hash) VALUES ('rics_price_balance', '2026-04-06T14:02:00.000Z', 7.9227, 'rics_rms', 'seed_rics_price_balance_h11');
INSERT INTO indicator_observations (indicator_id, observed_at, value, source_id, payload_hash) VALUES ('rics_price_balance', '2026-04-07T14:02:00.000Z', 8.0989, 'rics_rms', 'seed_rics_price_balance_h10');
INSERT INTO indicator_observations (indicator_id, observed_at, value, source_id, payload_hash) VALUES ('rics_price_balance', '2026-04-08T14:02:00.000Z', 7.9172, 'rics_rms', 'seed_rics_price_balance_h9');
INSERT INTO indicator_observations (indicator_id, observed_at, value, source_id, payload_hash) VALUES ('rics_price_balance', '2026-04-09T14:02:00.000Z', 8.0638, 'rics_rms', 'seed_rics_price_balance_h8');
INSERT INTO indicator_observations (indicator_id, observed_at, value, source_id, payload_hash) VALUES ('rics_price_balance', '2026-04-10T14:02:00.000Z', 7.9348, 'rics_rms', 'seed_rics_price_balance_h7');
INSERT INTO indicator_observations (indicator_id, observed_at, value, source_id, payload_hash) VALUES ('rics_price_balance', '2026-04-11T14:02:00.000Z', 8.1040, 'rics_rms', 'seed_rics_price_balance_h6');
INSERT INTO indicator_observations (indicator_id, observed_at, value, source_id, payload_hash) VALUES ('rics_price_balance', '2026-04-12T14:02:00.000Z', 8.0307, 'rics_rms', 'seed_rics_price_balance_h5');
INSERT INTO indicator_observations (indicator_id, observed_at, value, source_id, payload_hash) VALUES ('rics_price_balance', '2026-04-13T14:02:00.000Z', 7.8904, 'rics_rms', 'seed_rics_price_balance_h4');
INSERT INTO indicator_observations (indicator_id, observed_at, value, source_id, payload_hash) VALUES ('rics_price_balance', '2026-04-14T14:02:00.000Z', 8.0845, 'rics_rms', 'seed_rics_price_balance_h3');
INSERT INTO indicator_observations (indicator_id, observed_at, value, source_id, payload_hash) VALUES ('rics_price_balance', '2026-04-15T14:02:00.000Z', 8.0877, 'rics_rms', 'seed_rics_price_balance_h2');
INSERT INTO indicator_observations (indicator_id, observed_at, value, source_id, payload_hash) VALUES ('rics_price_balance', '2026-04-16T14:02:00.000Z', 8.0504, 'rics_rms', 'seed_rics_price_balance_h1');
INSERT INTO indicator_observations (indicator_id, observed_at, value, source_id, payload_hash) VALUES ('cb_headroom', '2026-04-17T14:02:00.000Z', 23.6, 'obr_efo', 'seed_cb_headroom');
INSERT INTO indicator_observations (indicator_id, observed_at, value, source_id, payload_hash) VALUES ('cb_headroom', '2026-03-19T14:02:00.000Z', 23.7998, 'obr_efo', 'seed_cb_headroom_h29');
INSERT INTO indicator_observations (indicator_id, observed_at, value, source_id, payload_hash) VALUES ('cb_headroom', '2026-03-20T14:02:00.000Z', 23.4316, 'obr_efo', 'seed_cb_headroom_h28');
INSERT INTO indicator_observations (indicator_id, observed_at, value, source_id, payload_hash) VALUES ('cb_headroom', '2026-03-21T14:02:00.000Z', 23.4222, 'obr_efo', 'seed_cb_headroom_h27');
INSERT INTO indicator_observations (indicator_id, observed_at, value, source_id, payload_hash) VALUES ('cb_headroom', '2026-03-22T14:02:00.000Z', 23.9261, 'obr_efo', 'seed_cb_headroom_h26');
INSERT INTO indicator_observations (indicator_id, observed_at, value, source_id, payload_hash) VALUES ('cb_headroom', '2026-03-23T14:02:00.000Z', 23.6989, 'obr_efo', 'seed_cb_headroom_h25');
INSERT INTO indicator_observations (indicator_id, observed_at, value, source_id, payload_hash) VALUES ('cb_headroom', '2026-03-24T14:02:00.000Z', 23.3271, 'obr_efo', 'seed_cb_headroom_h24');
INSERT INTO indicator_observations (indicator_id, observed_at, value, source_id, payload_hash) VALUES ('cb_headroom', '2026-03-25T14:02:00.000Z', 23.6497, 'obr_efo', 'seed_cb_headroom_h23');
INSERT INTO indicator_observations (indicator_id, observed_at, value, source_id, payload_hash) VALUES ('cb_headroom', '2026-03-26T14:02:00.000Z', 23.5323, 'obr_efo', 'seed_cb_headroom_h22');
INSERT INTO indicator_observations (indicator_id, observed_at, value, source_id, payload_hash) VALUES ('cb_headroom', '2026-03-27T14:02:00.000Z', 23.5064, 'obr_efo', 'seed_cb_headroom_h21');
INSERT INTO indicator_observations (indicator_id, observed_at, value, source_id, payload_hash) VALUES ('cb_headroom', '2026-03-28T14:02:00.000Z', 23.6451, 'obr_efo', 'seed_cb_headroom_h20');
INSERT INTO indicator_observations (indicator_id, observed_at, value, source_id, payload_hash) VALUES ('cb_headroom', '2026-03-29T14:02:00.000Z', 23.4893, 'obr_efo', 'seed_cb_headroom_h19');
INSERT INTO indicator_observations (indicator_id, observed_at, value, source_id, payload_hash) VALUES ('cb_headroom', '2026-03-30T14:02:00.000Z', 23.3720, 'obr_efo', 'seed_cb_headroom_h18');
INSERT INTO indicator_observations (indicator_id, observed_at, value, source_id, payload_hash) VALUES ('cb_headroom', '2026-03-31T14:02:00.000Z', 23.8916, 'obr_efo', 'seed_cb_headroom_h17');
INSERT INTO indicator_observations (indicator_id, observed_at, value, source_id, payload_hash) VALUES ('cb_headroom', '2026-04-01T14:02:00.000Z', 23.3556, 'obr_efo', 'seed_cb_headroom_h16');
INSERT INTO indicator_observations (indicator_id, observed_at, value, source_id, payload_hash) VALUES ('cb_headroom', '2026-04-02T14:02:00.000Z', 23.7882, 'obr_efo', 'seed_cb_headroom_h15');
INSERT INTO indicator_observations (indicator_id, observed_at, value, source_id, payload_hash) VALUES ('cb_headroom', '2026-04-03T14:02:00.000Z', 23.4075, 'obr_efo', 'seed_cb_headroom_h14');
INSERT INTO indicator_observations (indicator_id, observed_at, value, source_id, payload_hash) VALUES ('cb_headroom', '2026-04-04T14:02:00.000Z', 23.9069, 'obr_efo', 'seed_cb_headroom_h13');
INSERT INTO indicator_observations (indicator_id, observed_at, value, source_id, payload_hash) VALUES ('cb_headroom', '2026-04-05T14:02:00.000Z', 23.6907, 'obr_efo', 'seed_cb_headroom_h12');
INSERT INTO indicator_observations (indicator_id, observed_at, value, source_id, payload_hash) VALUES ('cb_headroom', '2026-04-06T14:02:00.000Z', 23.2768, 'obr_efo', 'seed_cb_headroom_h11');
INSERT INTO indicator_observations (indicator_id, observed_at, value, source_id, payload_hash) VALUES ('cb_headroom', '2026-04-07T14:02:00.000Z', 23.8492, 'obr_efo', 'seed_cb_headroom_h10');
INSERT INTO indicator_observations (indicator_id, observed_at, value, source_id, payload_hash) VALUES ('cb_headroom', '2026-04-08T14:02:00.000Z', 23.8588, 'obr_efo', 'seed_cb_headroom_h9');
INSERT INTO indicator_observations (indicator_id, observed_at, value, source_id, payload_hash) VALUES ('cb_headroom', '2026-04-09T14:02:00.000Z', 23.7487, 'obr_efo', 'seed_cb_headroom_h8');
INSERT INTO indicator_observations (indicator_id, observed_at, value, source_id, payload_hash) VALUES ('cb_headroom', '2026-04-10T14:02:00.000Z', 23.9450, 'obr_efo', 'seed_cb_headroom_h7');
INSERT INTO indicator_observations (indicator_id, observed_at, value, source_id, payload_hash) VALUES ('cb_headroom', '2026-04-11T14:02:00.000Z', 23.4144, 'obr_efo', 'seed_cb_headroom_h6');
INSERT INTO indicator_observations (indicator_id, observed_at, value, source_id, payload_hash) VALUES ('cb_headroom', '2026-04-12T14:02:00.000Z', 23.5451, 'obr_efo', 'seed_cb_headroom_h5');
INSERT INTO indicator_observations (indicator_id, observed_at, value, source_id, payload_hash) VALUES ('cb_headroom', '2026-04-13T14:02:00.000Z', 23.4873, 'obr_efo', 'seed_cb_headroom_h4');
INSERT INTO indicator_observations (indicator_id, observed_at, value, source_id, payload_hash) VALUES ('cb_headroom', '2026-04-14T14:02:00.000Z', 23.8471, 'obr_efo', 'seed_cb_headroom_h3');
INSERT INTO indicator_observations (indicator_id, observed_at, value, source_id, payload_hash) VALUES ('cb_headroom', '2026-04-15T14:02:00.000Z', 23.5301, 'obr_efo', 'seed_cb_headroom_h2');
INSERT INTO indicator_observations (indicator_id, observed_at, value, source_id, payload_hash) VALUES ('cb_headroom', '2026-04-16T14:02:00.000Z', 23.6787, 'obr_efo', 'seed_cb_headroom_h1');
-- Prior OBR EFO vintages (post-Reeves fiscal-mandate definition: current budget balance in target year).
-- Adds genuine cross-vintage variation to the baseline ECDF so it is not degenerate around the March 2026 cluster.
-- Pre-October 2024 vintages omitted: under Hunt's framework the fiscal mandate was the debt-falling rule, so the
-- published headroom is not apples-to-apples with the current-budget-balance figures used post-October 2024.
INSERT INTO indicator_observations (indicator_id, observed_at, value, source_id, payload_hash) VALUES ('cb_headroom', '2024-10-30T14:00:00.000Z', 9.9, 'obr_efo', 'seed_cb_headroom_efo_2024_10');
INSERT INTO indicator_observations (indicator_id, observed_at, value, source_id, payload_hash) VALUES ('cb_headroom', '2025-03-26T14:00:00.000Z', 9.9, 'obr_efo', 'seed_cb_headroom_efo_2025_03');
INSERT INTO indicator_observations (indicator_id, observed_at, value, source_id, payload_hash) VALUES ('cb_headroom', '2025-11-26T14:00:00.000Z', 22.0, 'obr_efo', 'seed_cb_headroom_efo_2025_11');
INSERT INTO indicator_observations (indicator_id, observed_at, value, source_id, payload_hash) VALUES ('psnfl_trajectory', '2026-04-17T14:02:00.000Z', 0.42, 'obr_efo', 'seed_psnfl_trajectory');
INSERT INTO indicator_observations (indicator_id, observed_at, value, source_id, payload_hash) VALUES ('psnfl_trajectory', '2026-03-19T14:02:00.000Z', 0.4239, 'obr_efo', 'seed_psnfl_trajectory_h29');
INSERT INTO indicator_observations (indicator_id, observed_at, value, source_id, payload_hash) VALUES ('psnfl_trajectory', '2026-03-20T14:02:00.000Z', 0.4200, 'obr_efo', 'seed_psnfl_trajectory_h28');
INSERT INTO indicator_observations (indicator_id, observed_at, value, source_id, payload_hash) VALUES ('psnfl_trajectory', '2026-03-21T14:02:00.000Z', 0.4147, 'obr_efo', 'seed_psnfl_trajectory_h27');
INSERT INTO indicator_observations (indicator_id, observed_at, value, source_id, payload_hash) VALUES ('psnfl_trajectory', '2026-03-22T14:02:00.000Z', 0.4218, 'obr_efo', 'seed_psnfl_trajectory_h26');
INSERT INTO indicator_observations (indicator_id, observed_at, value, source_id, payload_hash) VALUES ('psnfl_trajectory', '2026-03-23T14:02:00.000Z', 0.4245, 'obr_efo', 'seed_psnfl_trajectory_h25');
INSERT INTO indicator_observations (indicator_id, observed_at, value, source_id, payload_hash) VALUES ('psnfl_trajectory', '2026-03-24T14:02:00.000Z', 0.4236, 'obr_efo', 'seed_psnfl_trajectory_h24');
INSERT INTO indicator_observations (indicator_id, observed_at, value, source_id, payload_hash) VALUES ('psnfl_trajectory', '2026-03-25T14:02:00.000Z', 0.4170, 'obr_efo', 'seed_psnfl_trajectory_h23');
INSERT INTO indicator_observations (indicator_id, observed_at, value, source_id, payload_hash) VALUES ('psnfl_trajectory', '2026-03-26T14:02:00.000Z', 0.4168, 'obr_efo', 'seed_psnfl_trajectory_h22');
INSERT INTO indicator_observations (indicator_id, observed_at, value, source_id, payload_hash) VALUES ('psnfl_trajectory', '2026-03-27T14:02:00.000Z', 0.4258, 'obr_efo', 'seed_psnfl_trajectory_h21');
INSERT INTO indicator_observations (indicator_id, observed_at, value, source_id, payload_hash) VALUES ('psnfl_trajectory', '2026-03-28T14:02:00.000Z', 0.4218, 'obr_efo', 'seed_psnfl_trajectory_h20');
INSERT INTO indicator_observations (indicator_id, observed_at, value, source_id, payload_hash) VALUES ('psnfl_trajectory', '2026-03-29T14:02:00.000Z', 0.4151, 'obr_efo', 'seed_psnfl_trajectory_h19');
INSERT INTO indicator_observations (indicator_id, observed_at, value, source_id, payload_hash) VALUES ('psnfl_trajectory', '2026-03-30T14:02:00.000Z', 0.4209, 'obr_efo', 'seed_psnfl_trajectory_h18');
INSERT INTO indicator_observations (indicator_id, observed_at, value, source_id, payload_hash) VALUES ('psnfl_trajectory', '2026-03-31T14:02:00.000Z', 0.4188, 'obr_efo', 'seed_psnfl_trajectory_h17');
INSERT INTO indicator_observations (indicator_id, observed_at, value, source_id, payload_hash) VALUES ('psnfl_trajectory', '2026-04-01T14:02:00.000Z', 0.4183, 'obr_efo', 'seed_psnfl_trajectory_h16');
INSERT INTO indicator_observations (indicator_id, observed_at, value, source_id, payload_hash) VALUES ('psnfl_trajectory', '2026-04-02T14:02:00.000Z', 0.4208, 'obr_efo', 'seed_psnfl_trajectory_h15');
INSERT INTO indicator_observations (indicator_id, observed_at, value, source_id, payload_hash) VALUES ('psnfl_trajectory', '2026-04-03T14:02:00.000Z', 0.4180, 'obr_efo', 'seed_psnfl_trajectory_h14');
INSERT INTO indicator_observations (indicator_id, observed_at, value, source_id, payload_hash) VALUES ('psnfl_trajectory', '2026-04-04T14:02:00.000Z', 0.4159, 'obr_efo', 'seed_psnfl_trajectory_h13');
INSERT INTO indicator_observations (indicator_id, observed_at, value, source_id, payload_hash) VALUES ('psnfl_trajectory', '2026-04-05T14:02:00.000Z', 0.4252, 'obr_efo', 'seed_psnfl_trajectory_h12');
INSERT INTO indicator_observations (indicator_id, observed_at, value, source_id, payload_hash) VALUES ('psnfl_trajectory', '2026-04-06T14:02:00.000Z', 0.4157, 'obr_efo', 'seed_psnfl_trajectory_h11');
INSERT INTO indicator_observations (indicator_id, observed_at, value, source_id, payload_hash) VALUES ('psnfl_trajectory', '2026-04-07T14:02:00.000Z', 0.4233, 'obr_efo', 'seed_psnfl_trajectory_h10');
INSERT INTO indicator_observations (indicator_id, observed_at, value, source_id, payload_hash) VALUES ('psnfl_trajectory', '2026-04-08T14:02:00.000Z', 0.4166, 'obr_efo', 'seed_psnfl_trajectory_h9');
INSERT INTO indicator_observations (indicator_id, observed_at, value, source_id, payload_hash) VALUES ('psnfl_trajectory', '2026-04-09T14:02:00.000Z', 0.4255, 'obr_efo', 'seed_psnfl_trajectory_h8');
INSERT INTO indicator_observations (indicator_id, observed_at, value, source_id, payload_hash) VALUES ('psnfl_trajectory', '2026-04-10T14:02:00.000Z', 0.4216, 'obr_efo', 'seed_psnfl_trajectory_h7');
INSERT INTO indicator_observations (indicator_id, observed_at, value, source_id, payload_hash) VALUES ('psnfl_trajectory', '2026-04-11T14:02:00.000Z', 0.4142, 'obr_efo', 'seed_psnfl_trajectory_h6');
INSERT INTO indicator_observations (indicator_id, observed_at, value, source_id, payload_hash) VALUES ('psnfl_trajectory', '2026-04-12T14:02:00.000Z', 0.4244, 'obr_efo', 'seed_psnfl_trajectory_h5');
INSERT INTO indicator_observations (indicator_id, observed_at, value, source_id, payload_hash) VALUES ('psnfl_trajectory', '2026-04-13T14:02:00.000Z', 0.4246, 'obr_efo', 'seed_psnfl_trajectory_h4');
INSERT INTO indicator_observations (indicator_id, observed_at, value, source_id, payload_hash) VALUES ('psnfl_trajectory', '2026-04-14T14:02:00.000Z', 0.4226, 'obr_efo', 'seed_psnfl_trajectory_h3');
INSERT INTO indicator_observations (indicator_id, observed_at, value, source_id, payload_hash) VALUES ('psnfl_trajectory', '2026-04-15T14:02:00.000Z', 0.4261, 'obr_efo', 'seed_psnfl_trajectory_h2');
INSERT INTO indicator_observations (indicator_id, observed_at, value, source_id, payload_hash) VALUES ('psnfl_trajectory', '2026-04-16T14:02:00.000Z', 0.4167, 'obr_efo', 'seed_psnfl_trajectory_h1');
INSERT INTO indicator_observations (indicator_id, observed_at, value, source_id, payload_hash) VALUES ('borrowing_outturn', '2026-04-17T14:02:00.000Z', 4.1, 'ons_psf', 'seed_borrowing_outturn');
INSERT INTO indicator_observations (indicator_id, observed_at, value, source_id, payload_hash) VALUES ('borrowing_outturn', '2026-03-19T14:02:00.000Z', 4.1293, 'ons_psf', 'seed_borrowing_outturn_h29');
INSERT INTO indicator_observations (indicator_id, observed_at, value, source_id, payload_hash) VALUES ('borrowing_outturn', '2026-03-20T14:02:00.000Z', 4.1380, 'ons_psf', 'seed_borrowing_outturn_h28');
INSERT INTO indicator_observations (indicator_id, observed_at, value, source_id, payload_hash) VALUES ('borrowing_outturn', '2026-03-21T14:02:00.000Z', 4.0998, 'ons_psf', 'seed_borrowing_outturn_h27');
INSERT INTO indicator_observations (indicator_id, observed_at, value, source_id, payload_hash) VALUES ('borrowing_outturn', '2026-03-22T14:02:00.000Z', 4.0483, 'ons_psf', 'seed_borrowing_outturn_h26');
INSERT INTO indicator_observations (indicator_id, observed_at, value, source_id, payload_hash) VALUES ('borrowing_outturn', '2026-03-23T14:02:00.000Z', 4.1172, 'ons_psf', 'seed_borrowing_outturn_h25');
INSERT INTO indicator_observations (indicator_id, observed_at, value, source_id, payload_hash) VALUES ('borrowing_outturn', '2026-03-24T14:02:00.000Z', 4.1435, 'ons_psf', 'seed_borrowing_outturn_h24');
INSERT INTO indicator_observations (indicator_id, observed_at, value, source_id, payload_hash) VALUES ('borrowing_outturn', '2026-03-25T14:02:00.000Z', 4.1347, 'ons_psf', 'seed_borrowing_outturn_h23');
INSERT INTO indicator_observations (indicator_id, observed_at, value, source_id, payload_hash) VALUES ('borrowing_outturn', '2026-03-26T14:02:00.000Z', 4.0707, 'ons_psf', 'seed_borrowing_outturn_h22');
INSERT INTO indicator_observations (indicator_id, observed_at, value, source_id, payload_hash) VALUES ('borrowing_outturn', '2026-03-27T14:02:00.000Z', 4.0691, 'ons_psf', 'seed_borrowing_outturn_h21');
INSERT INTO indicator_observations (indicator_id, observed_at, value, source_id, payload_hash) VALUES ('borrowing_outturn', '2026-03-28T14:02:00.000Z', 4.1567, 'ons_psf', 'seed_borrowing_outturn_h20');
INSERT INTO indicator_observations (indicator_id, observed_at, value, source_id, payload_hash) VALUES ('borrowing_outturn', '2026-03-29T14:02:00.000Z', 4.1172, 'ons_psf', 'seed_borrowing_outturn_h19');
INSERT INTO indicator_observations (indicator_id, observed_at, value, source_id, payload_hash) VALUES ('borrowing_outturn', '2026-03-30T14:02:00.000Z', 4.0526, 'ons_psf', 'seed_borrowing_outturn_h18');
INSERT INTO indicator_observations (indicator_id, observed_at, value, source_id, payload_hash) VALUES ('borrowing_outturn', '2026-03-31T14:02:00.000Z', 4.1086, 'ons_psf', 'seed_borrowing_outturn_h17');
INSERT INTO indicator_observations (indicator_id, observed_at, value, source_id, payload_hash) VALUES ('borrowing_outturn', '2026-04-01T14:02:00.000Z', 4.0882, 'ons_psf', 'seed_borrowing_outturn_h16');
INSERT INTO indicator_observations (indicator_id, observed_at, value, source_id, payload_hash) VALUES ('borrowing_outturn', '2026-04-02T14:02:00.000Z', 4.0837, 'ons_psf', 'seed_borrowing_outturn_h15');
INSERT INTO indicator_observations (indicator_id, observed_at, value, source_id, payload_hash) VALUES ('borrowing_outturn', '2026-04-03T14:02:00.000Z', 4.1078, 'ons_psf', 'seed_borrowing_outturn_h14');
INSERT INTO indicator_observations (indicator_id, observed_at, value, source_id, payload_hash) VALUES ('borrowing_outturn', '2026-04-04T14:02:00.000Z', 4.0808, 'ons_psf', 'seed_borrowing_outturn_h13');
INSERT INTO indicator_observations (indicator_id, observed_at, value, source_id, payload_hash) VALUES ('borrowing_outturn', '2026-04-05T14:02:00.000Z', 4.0604, 'ons_psf', 'seed_borrowing_outturn_h12');
INSERT INTO indicator_observations (indicator_id, observed_at, value, source_id, payload_hash) VALUES ('borrowing_outturn', '2026-04-06T14:02:00.000Z', 4.1507, 'ons_psf', 'seed_borrowing_outturn_h11');
INSERT INTO indicator_observations (indicator_id, observed_at, value, source_id, payload_hash) VALUES ('borrowing_outturn', '2026-04-07T14:02:00.000Z', 4.0575, 'ons_psf', 'seed_borrowing_outturn_h10');
INSERT INTO indicator_observations (indicator_id, observed_at, value, source_id, payload_hash) VALUES ('borrowing_outturn', '2026-04-08T14:02:00.000Z', 4.1327, 'ons_psf', 'seed_borrowing_outturn_h9');
INSERT INTO indicator_observations (indicator_id, observed_at, value, source_id, payload_hash) VALUES ('borrowing_outturn', '2026-04-09T14:02:00.000Z', 4.0666, 'ons_psf', 'seed_borrowing_outturn_h8');
INSERT INTO indicator_observations (indicator_id, observed_at, value, source_id, payload_hash) VALUES ('borrowing_outturn', '2026-04-10T14:02:00.000Z', 4.1533, 'ons_psf', 'seed_borrowing_outturn_h7');
INSERT INTO indicator_observations (indicator_id, observed_at, value, source_id, payload_hash) VALUES ('borrowing_outturn', '2026-04-11T14:02:00.000Z', 4.1158, 'ons_psf', 'seed_borrowing_outturn_h6');
INSERT INTO indicator_observations (indicator_id, observed_at, value, source_id, payload_hash) VALUES ('borrowing_outturn', '2026-04-12T14:02:00.000Z', 4.0438, 'ons_psf', 'seed_borrowing_outturn_h5');
INSERT INTO indicator_observations (indicator_id, observed_at, value, source_id, payload_hash) VALUES ('borrowing_outturn', '2026-04-13T14:02:00.000Z', 4.1433, 'ons_psf', 'seed_borrowing_outturn_h4');
INSERT INTO indicator_observations (indicator_id, observed_at, value, source_id, payload_hash) VALUES ('borrowing_outturn', '2026-04-14T14:02:00.000Z', 4.1450, 'ons_psf', 'seed_borrowing_outturn_h3');
INSERT INTO indicator_observations (indicator_id, observed_at, value, source_id, payload_hash) VALUES ('borrowing_outturn', '2026-04-15T14:02:00.000Z', 4.1258, 'ons_psf', 'seed_borrowing_outturn_h2');
INSERT INTO indicator_observations (indicator_id, observed_at, value, source_id, payload_hash) VALUES ('borrowing_outturn', '2026-04-16T14:02:00.000Z', 4.1599, 'ons_psf', 'seed_borrowing_outturn_h1');
INSERT INTO indicator_observations (indicator_id, observed_at, value, source_id, payload_hash) VALUES ('debt_interest', '2026-04-17T14:02:00.000Z', 2.7, 'ons_psf', 'seed_debt_interest');
INSERT INTO indicator_observations (indicator_id, observed_at, value, source_id, payload_hash) VALUES ('debt_interest', '2026-03-19T14:02:00.000Z', 2.7113, 'ons_psf', 'seed_debt_interest_h29');
INSERT INTO indicator_observations (indicator_id, observed_at, value, source_id, payload_hash) VALUES ('debt_interest', '2026-03-20T14:02:00.000Z', 2.7287, 'ons_psf', 'seed_debt_interest_h28');
INSERT INTO indicator_observations (indicator_id, observed_at, value, source_id, payload_hash) VALUES ('debt_interest', '2026-03-21T14:02:00.000Z', 2.7229, 'ons_psf', 'seed_debt_interest_h27');
INSERT INTO indicator_observations (indicator_id, observed_at, value, source_id, payload_hash) VALUES ('debt_interest', '2026-03-22T14:02:00.000Z', 2.6807, 'ons_psf', 'seed_debt_interest_h26');
INSERT INTO indicator_observations (indicator_id, observed_at, value, source_id, payload_hash) VALUES ('debt_interest', '2026-03-23T14:02:00.000Z', 2.6797, 'ons_psf', 'seed_debt_interest_h25');
INSERT INTO indicator_observations (indicator_id, observed_at, value, source_id, payload_hash) VALUES ('debt_interest', '2026-03-24T14:02:00.000Z', 2.7373, 'ons_psf', 'seed_debt_interest_h24');
INSERT INTO indicator_observations (indicator_id, observed_at, value, source_id, payload_hash) VALUES ('debt_interest', '2026-03-25T14:02:00.000Z', 2.7113, 'ons_psf', 'seed_debt_interest_h23');
INSERT INTO indicator_observations (indicator_id, observed_at, value, source_id, payload_hash) VALUES ('debt_interest', '2026-03-26T14:02:00.000Z', 2.6688, 'ons_psf', 'seed_debt_interest_h22');
INSERT INTO indicator_observations (indicator_id, observed_at, value, source_id, payload_hash) VALUES ('debt_interest', '2026-03-27T14:02:00.000Z', 2.7057, 'ons_psf', 'seed_debt_interest_h21');
INSERT INTO indicator_observations (indicator_id, observed_at, value, source_id, payload_hash) VALUES ('debt_interest', '2026-03-28T14:02:00.000Z', 2.6923, 'ons_psf', 'seed_debt_interest_h20');
INSERT INTO indicator_observations (indicator_id, observed_at, value, source_id, payload_hash) VALUES ('debt_interest', '2026-03-29T14:02:00.000Z', 2.6893, 'ons_psf', 'seed_debt_interest_h19');
INSERT INTO indicator_observations (indicator_id, observed_at, value, source_id, payload_hash) VALUES ('debt_interest', '2026-03-30T14:02:00.000Z', 2.7052, 'ons_psf', 'seed_debt_interest_h18');
INSERT INTO indicator_observations (indicator_id, observed_at, value, source_id, payload_hash) VALUES ('debt_interest', '2026-03-31T14:02:00.000Z', 2.6873, 'ons_psf', 'seed_debt_interest_h17');
INSERT INTO indicator_observations (indicator_id, observed_at, value, source_id, payload_hash) VALUES ('debt_interest', '2026-04-01T14:02:00.000Z', 2.6739, 'ons_psf', 'seed_debt_interest_h16');
INSERT INTO indicator_observations (indicator_id, observed_at, value, source_id, payload_hash) VALUES ('debt_interest', '2026-04-02T14:02:00.000Z', 2.7334, 'ons_psf', 'seed_debt_interest_h15');
INSERT INTO indicator_observations (indicator_id, observed_at, value, source_id, payload_hash) VALUES ('debt_interest', '2026-04-03T14:02:00.000Z', 2.6720, 'ons_psf', 'seed_debt_interest_h14');
INSERT INTO indicator_observations (indicator_id, observed_at, value, source_id, payload_hash) VALUES ('debt_interest', '2026-04-04T14:02:00.000Z', 2.7215, 'ons_psf', 'seed_debt_interest_h13');
INSERT INTO indicator_observations (indicator_id, observed_at, value, source_id, payload_hash) VALUES ('debt_interest', '2026-04-05T14:02:00.000Z', 2.6780, 'ons_psf', 'seed_debt_interest_h12');
INSERT INTO indicator_observations (indicator_id, observed_at, value, source_id, payload_hash) VALUES ('debt_interest', '2026-04-06T14:02:00.000Z', 2.7351, 'ons_psf', 'seed_debt_interest_h11');
INSERT INTO indicator_observations (indicator_id, observed_at, value, source_id, payload_hash) VALUES ('debt_interest', '2026-04-07T14:02:00.000Z', 2.7104, 'ons_psf', 'seed_debt_interest_h10');
INSERT INTO indicator_observations (indicator_id, observed_at, value, source_id, payload_hash) VALUES ('debt_interest', '2026-04-08T14:02:00.000Z', 2.6630, 'ons_psf', 'seed_debt_interest_h9');
INSERT INTO indicator_observations (indicator_id, observed_at, value, source_id, payload_hash) VALUES ('debt_interest', '2026-04-09T14:02:00.000Z', 2.7285, 'ons_psf', 'seed_debt_interest_h8');
INSERT INTO indicator_observations (indicator_id, observed_at, value, source_id, payload_hash) VALUES ('debt_interest', '2026-04-10T14:02:00.000Z', 2.7296, 'ons_psf', 'seed_debt_interest_h7');
INSERT INTO indicator_observations (indicator_id, observed_at, value, source_id, payload_hash) VALUES ('debt_interest', '2026-04-11T14:02:00.000Z', 2.7170, 'ons_psf', 'seed_debt_interest_h6');
INSERT INTO indicator_observations (indicator_id, observed_at, value, source_id, payload_hash) VALUES ('debt_interest', '2026-04-12T14:02:00.000Z', 2.7395, 'ons_psf', 'seed_debt_interest_h5');
INSERT INTO indicator_observations (indicator_id, observed_at, value, source_id, payload_hash) VALUES ('debt_interest', '2026-04-13T14:02:00.000Z', 2.6788, 'ons_psf', 'seed_debt_interest_h4');
INSERT INTO indicator_observations (indicator_id, observed_at, value, source_id, payload_hash) VALUES ('debt_interest', '2026-04-14T14:02:00.000Z', 2.6937, 'ons_psf', 'seed_debt_interest_h3');
INSERT INTO indicator_observations (indicator_id, observed_at, value, source_id, payload_hash) VALUES ('debt_interest', '2026-04-15T14:02:00.000Z', 2.6871, 'ons_psf', 'seed_debt_interest_h2');
INSERT INTO indicator_observations (indicator_id, observed_at, value, source_id, payload_hash) VALUES ('debt_interest', '2026-04-16T14:02:00.000Z', 2.7283, 'ons_psf', 'seed_debt_interest_h1');
INSERT INTO indicator_observations (indicator_id, observed_at, value, source_id, payload_hash) VALUES ('ilg_share', '2026-04-17T14:02:00.000Z', 22.1, 'dmo', 'seed_ilg_share');
INSERT INTO indicator_observations (indicator_id, observed_at, value, source_id, payload_hash) VALUES ('ilg_share', '2026-03-19T14:02:00.000Z', 21.9335, 'dmo', 'seed_ilg_share_h29');
INSERT INTO indicator_observations (indicator_id, observed_at, value, source_id, payload_hash) VALUES ('ilg_share', '2026-03-20T14:02:00.000Z', 22.4054, 'dmo', 'seed_ilg_share_h28');
INSERT INTO indicator_observations (indicator_id, observed_at, value, source_id, payload_hash) VALUES ('ilg_share', '2026-03-21T14:02:00.000Z', 22.1926, 'dmo', 'seed_ilg_share_h27');
INSERT INTO indicator_observations (indicator_id, observed_at, value, source_id, payload_hash) VALUES ('ilg_share', '2026-03-22T14:02:00.000Z', 21.8445, 'dmo', 'seed_ilg_share_h26');
INSERT INTO indicator_observations (indicator_id, observed_at, value, source_id, payload_hash) VALUES ('ilg_share', '2026-03-23T14:02:00.000Z', 22.1465, 'dmo', 'seed_ilg_share_h25');
INSERT INTO indicator_observations (indicator_id, observed_at, value, source_id, payload_hash) VALUES ('ilg_share', '2026-03-24T14:02:00.000Z', 22.0366, 'dmo', 'seed_ilg_share_h24');
INSERT INTO indicator_observations (indicator_id, observed_at, value, source_id, payload_hash) VALUES ('ilg_share', '2026-03-25T14:02:00.000Z', 22.0123, 'dmo', 'seed_ilg_share_h23');
INSERT INTO indicator_observations (indicator_id, observed_at, value, source_id, payload_hash) VALUES ('ilg_share', '2026-03-26T14:02:00.000Z', 22.1422, 'dmo', 'seed_ilg_share_h22');
INSERT INTO indicator_observations (indicator_id, observed_at, value, source_id, payload_hash) VALUES ('ilg_share', '2026-03-27T14:02:00.000Z', 21.9964, 'dmo', 'seed_ilg_share_h21');
INSERT INTO indicator_observations (indicator_id, observed_at, value, source_id, payload_hash) VALUES ('ilg_share', '2026-03-28T14:02:00.000Z', 21.8865, 'dmo', 'seed_ilg_share_h20');
INSERT INTO indicator_observations (indicator_id, observed_at, value, source_id, payload_hash) VALUES ('ilg_share', '2026-03-29T14:02:00.000Z', 22.3731, 'dmo', 'seed_ilg_share_h19');
INSERT INTO indicator_observations (indicator_id, observed_at, value, source_id, payload_hash) VALUES ('ilg_share', '2026-03-30T14:02:00.000Z', 21.8712, 'dmo', 'seed_ilg_share_h18');
INSERT INTO indicator_observations (indicator_id, observed_at, value, source_id, payload_hash) VALUES ('ilg_share', '2026-03-31T14:02:00.000Z', 22.2763, 'dmo', 'seed_ilg_share_h17');
INSERT INTO indicator_observations (indicator_id, observed_at, value, source_id, payload_hash) VALUES ('ilg_share', '2026-04-01T14:02:00.000Z', 21.9198, 'dmo', 'seed_ilg_share_h16');
INSERT INTO indicator_observations (indicator_id, observed_at, value, source_id, payload_hash) VALUES ('ilg_share', '2026-04-02T14:02:00.000Z', 22.3874, 'dmo', 'seed_ilg_share_h15');
INSERT INTO indicator_observations (indicator_id, observed_at, value, source_id, payload_hash) VALUES ('ilg_share', '2026-04-03T14:02:00.000Z', 22.1849, 'dmo', 'seed_ilg_share_h14');
INSERT INTO indicator_observations (indicator_id, observed_at, value, source_id, payload_hash) VALUES ('ilg_share', '2026-04-04T14:02:00.000Z', 21.7973, 'dmo', 'seed_ilg_share_h13');
INSERT INTO indicator_observations (indicator_id, observed_at, value, source_id, payload_hash) VALUES ('ilg_share', '2026-04-05T14:02:00.000Z', 22.3333, 'dmo', 'seed_ilg_share_h12');
INSERT INTO indicator_observations (indicator_id, observed_at, value, source_id, payload_hash) VALUES ('ilg_share', '2026-04-06T14:02:00.000Z', 22.3424, 'dmo', 'seed_ilg_share_h11');
INSERT INTO indicator_observations (indicator_id, observed_at, value, source_id, payload_hash) VALUES ('ilg_share', '2026-04-07T14:02:00.000Z', 22.2392, 'dmo', 'seed_ilg_share_h10');
INSERT INTO indicator_observations (indicator_id, observed_at, value, source_id, payload_hash) VALUES ('ilg_share', '2026-04-08T14:02:00.000Z', 22.4231, 'dmo', 'seed_ilg_share_h9');
INSERT INTO indicator_observations (indicator_id, observed_at, value, source_id, payload_hash) VALUES ('ilg_share', '2026-04-09T14:02:00.000Z', 21.9262, 'dmo', 'seed_ilg_share_h8');
INSERT INTO indicator_observations (indicator_id, observed_at, value, source_id, payload_hash) VALUES ('ilg_share', '2026-04-10T14:02:00.000Z', 22.0486, 'dmo', 'seed_ilg_share_h7');
INSERT INTO indicator_observations (indicator_id, observed_at, value, source_id, payload_hash) VALUES ('ilg_share', '2026-04-11T14:02:00.000Z', 21.9945, 'dmo', 'seed_ilg_share_h6');
INSERT INTO indicator_observations (indicator_id, observed_at, value, source_id, payload_hash) VALUES ('ilg_share', '2026-04-12T14:02:00.000Z', 22.3314, 'dmo', 'seed_ilg_share_h5');
INSERT INTO indicator_observations (indicator_id, observed_at, value, source_id, payload_hash) VALUES ('ilg_share', '2026-04-13T14:02:00.000Z', 22.0346, 'dmo', 'seed_ilg_share_h4');
INSERT INTO indicator_observations (indicator_id, observed_at, value, source_id, payload_hash) VALUES ('ilg_share', '2026-04-14T14:02:00.000Z', 22.1737, 'dmo', 'seed_ilg_share_h3');
INSERT INTO indicator_observations (indicator_id, observed_at, value, source_id, payload_hash) VALUES ('ilg_share', '2026-04-15T14:02:00.000Z', 22.1612, 'dmo', 'seed_ilg_share_h2');
INSERT INTO indicator_observations (indicator_id, observed_at, value, source_id, payload_hash) VALUES ('ilg_share', '2026-04-16T14:02:00.000Z', 21.7817, 'dmo', 'seed_ilg_share_h1');
INSERT INTO indicator_observations (indicator_id, observed_at, value, source_id, payload_hash) VALUES ('issuance_long_share', '2026-04-17T14:02:00.000Z', 29.6, 'dmo', 'seed_issuance_long_share');
INSERT INTO indicator_observations (indicator_id, observed_at, value, source_id, payload_hash) VALUES ('issuance_long_share', '2026-03-19T14:02:00.000Z', 29.5407, 'dmo', 'seed_issuance_long_share_h29');
INSERT INTO indicator_observations (indicator_id, observed_at, value, source_id, payload_hash) VALUES ('issuance_long_share', '2026-03-20T14:02:00.000Z', 29.2346, 'dmo', 'seed_issuance_long_share_h28');
INSERT INTO indicator_observations (indicator_id, observed_at, value, source_id, payload_hash) VALUES ('issuance_long_share', '2026-03-21T14:02:00.000Z', 29.8117, 'dmo', 'seed_issuance_long_share_h27');
INSERT INTO indicator_observations (indicator_id, observed_at, value, source_id, payload_hash) VALUES ('issuance_long_share', '2026-03-22T14:02:00.000Z', 29.8741, 'dmo', 'seed_issuance_long_share_h26');
INSERT INTO indicator_observations (indicator_id, observed_at, value, source_id, payload_hash) VALUES ('issuance_long_share', '2026-03-23T14:02:00.000Z', 29.5983, 'dmo', 'seed_issuance_long_share_h25');
INSERT INTO indicator_observations (indicator_id, observed_at, value, source_id, payload_hash) VALUES ('issuance_long_share', '2026-03-24T14:02:00.000Z', 29.2270, 'dmo', 'seed_issuance_long_share_h24');
INSERT INTO indicator_observations (indicator_id, observed_at, value, source_id, payload_hash) VALUES ('issuance_long_share', '2026-03-25T14:02:00.000Z', 29.7242, 'dmo', 'seed_issuance_long_share_h23');
INSERT INTO indicator_observations (indicator_id, observed_at, value, source_id, payload_hash) VALUES ('issuance_long_share', '2026-03-26T14:02:00.000Z', 29.9143, 'dmo', 'seed_issuance_long_share_h22');
INSERT INTO indicator_observations (indicator_id, observed_at, value, source_id, payload_hash) VALUES ('issuance_long_share', '2026-03-27T14:02:00.000Z', 29.8506, 'dmo', 'seed_issuance_long_share_h21');
INSERT INTO indicator_observations (indicator_id, observed_at, value, source_id, payload_hash) VALUES ('issuance_long_share', '2026-03-28T14:02:00.000Z', 29.3888, 'dmo', 'seed_issuance_long_share_h20');
INSERT INTO indicator_observations (indicator_id, observed_at, value, source_id, payload_hash) VALUES ('issuance_long_share', '2026-03-29T14:02:00.000Z', 29.3770, 'dmo', 'seed_issuance_long_share_h19');
INSERT INTO indicator_observations (indicator_id, observed_at, value, source_id, payload_hash) VALUES ('issuance_long_share', '2026-03-30T14:02:00.000Z', 30.0091, 'dmo', 'seed_issuance_long_share_h18');
INSERT INTO indicator_observations (indicator_id, observed_at, value, source_id, payload_hash) VALUES ('issuance_long_share', '2026-03-31T14:02:00.000Z', 29.7240, 'dmo', 'seed_issuance_long_share_h17');
INSERT INTO indicator_observations (indicator_id, observed_at, value, source_id, payload_hash) VALUES ('issuance_long_share', '2026-04-01T14:02:00.000Z', 29.2577, 'dmo', 'seed_issuance_long_share_h16');
INSERT INTO indicator_observations (indicator_id, observed_at, value, source_id, payload_hash) VALUES ('issuance_long_share', '2026-04-02T14:02:00.000Z', 29.6623, 'dmo', 'seed_issuance_long_share_h15');
INSERT INTO indicator_observations (indicator_id, observed_at, value, source_id, payload_hash) VALUES ('issuance_long_share', '2026-04-03T14:02:00.000Z', 29.5150, 'dmo', 'seed_issuance_long_share_h14');
INSERT INTO indicator_observations (indicator_id, observed_at, value, source_id, payload_hash) VALUES ('issuance_long_share', '2026-04-04T14:02:00.000Z', 29.4826, 'dmo', 'seed_issuance_long_share_h13');
INSERT INTO indicator_observations (indicator_id, observed_at, value, source_id, payload_hash) VALUES ('issuance_long_share', '2026-04-05T14:02:00.000Z', 29.6565, 'dmo', 'seed_issuance_long_share_h12');
INSERT INTO indicator_observations (indicator_id, observed_at, value, source_id, payload_hash) VALUES ('issuance_long_share', '2026-04-06T14:02:00.000Z', 29.4612, 'dmo', 'seed_issuance_long_share_h11');
INSERT INTO indicator_observations (indicator_id, observed_at, value, source_id, payload_hash) VALUES ('issuance_long_share', '2026-04-07T14:02:00.000Z', 29.3141, 'dmo', 'seed_issuance_long_share_h10');
INSERT INTO indicator_observations (indicator_id, observed_at, value, source_id, payload_hash) VALUES ('issuance_long_share', '2026-04-08T14:02:00.000Z', 29.9658, 'dmo', 'seed_issuance_long_share_h9');
INSERT INTO indicator_observations (indicator_id, observed_at, value, source_id, payload_hash) VALUES ('issuance_long_share', '2026-04-09T14:02:00.000Z', 29.2935, 'dmo', 'seed_issuance_long_share_h8');
INSERT INTO indicator_observations (indicator_id, observed_at, value, source_id, payload_hash) VALUES ('issuance_long_share', '2026-04-10T14:02:00.000Z', 29.8361, 'dmo', 'seed_issuance_long_share_h7');
INSERT INTO indicator_observations (indicator_id, observed_at, value, source_id, payload_hash) VALUES ('issuance_long_share', '2026-04-11T14:02:00.000Z', 29.3586, 'dmo', 'seed_issuance_long_share_h6');
INSERT INTO indicator_observations (indicator_id, observed_at, value, source_id, payload_hash) VALUES ('issuance_long_share', '2026-04-12T14:02:00.000Z', 29.9850, 'dmo', 'seed_issuance_long_share_h5');
INSERT INTO indicator_observations (indicator_id, observed_at, value, source_id, payload_hash) VALUES ('issuance_long_share', '2026-04-13T14:02:00.000Z', 29.7137, 'dmo', 'seed_issuance_long_share_h4');
INSERT INTO indicator_observations (indicator_id, observed_at, value, source_id, payload_hash) VALUES ('issuance_long_share', '2026-04-14T14:02:00.000Z', 29.1946, 'dmo', 'seed_issuance_long_share_h3');
INSERT INTO indicator_observations (indicator_id, observed_at, value, source_id, payload_hash) VALUES ('issuance_long_share', '2026-04-15T14:02:00.000Z', 29.9125, 'dmo', 'seed_issuance_long_share_h2');
INSERT INTO indicator_observations (indicator_id, observed_at, value, source_id, payload_hash) VALUES ('issuance_long_share', '2026-04-16T14:02:00.000Z', 29.9246, 'dmo', 'seed_issuance_long_share_h1');
INSERT INTO indicator_observations (indicator_id, observed_at, value, source_id, payload_hash) VALUES ('inactivity_rate', '2026-04-17T14:02:00.000Z', 20.7, 'ons_lms', 'seed_inactivity_rate');
INSERT INTO indicator_observations (indicator_id, observed_at, value, source_id, payload_hash) VALUES ('inactivity_rate', '2026-03-19T14:02:00.000Z', 20.6988, 'ons_lms', 'seed_inactivity_rate_h29');
INSERT INTO indicator_observations (indicator_id, observed_at, value, source_id, payload_hash) VALUES ('inactivity_rate', '2026-03-20T14:02:00.000Z', 20.4392, 'ons_lms', 'seed_inactivity_rate_h28');
INSERT INTO indicator_observations (indicator_id, observed_at, value, source_id, payload_hash) VALUES ('inactivity_rate', '2026-03-21T14:02:00.000Z', 20.7868, 'ons_lms', 'seed_inactivity_rate_h27');
INSERT INTO indicator_observations (indicator_id, observed_at, value, source_id, payload_hash) VALUES ('inactivity_rate', '2026-03-22T14:02:00.000Z', 20.9198, 'ons_lms', 'seed_inactivity_rate_h26');
INSERT INTO indicator_observations (indicator_id, observed_at, value, source_id, payload_hash) VALUES ('inactivity_rate', '2026-03-23T14:02:00.000Z', 20.8753, 'ons_lms', 'seed_inactivity_rate_h25');
INSERT INTO indicator_observations (indicator_id, observed_at, value, source_id, payload_hash) VALUES ('inactivity_rate', '2026-03-24T14:02:00.000Z', 20.5523, 'ons_lms', 'seed_inactivity_rate_h24');
INSERT INTO indicator_observations (indicator_id, observed_at, value, source_id, payload_hash) VALUES ('inactivity_rate', '2026-03-25T14:02:00.000Z', 20.5440, 'ons_lms', 'seed_inactivity_rate_h23');
INSERT INTO indicator_observations (indicator_id, observed_at, value, source_id, payload_hash) VALUES ('inactivity_rate', '2026-03-26T14:02:00.000Z', 20.9861, 'ons_lms', 'seed_inactivity_rate_h22');
INSERT INTO indicator_observations (indicator_id, observed_at, value, source_id, payload_hash) VALUES ('inactivity_rate', '2026-03-27T14:02:00.000Z', 20.7867, 'ons_lms', 'seed_inactivity_rate_h21');
INSERT INTO indicator_observations (indicator_id, observed_at, value, source_id, payload_hash) VALUES ('inactivity_rate', '2026-03-28T14:02:00.000Z', 20.4607, 'ons_lms', 'seed_inactivity_rate_h20');
INSERT INTO indicator_observations (indicator_id, observed_at, value, source_id, payload_hash) VALUES ('inactivity_rate', '2026-03-29T14:02:00.000Z', 20.7436, 'ons_lms', 'seed_inactivity_rate_h19');
INSERT INTO indicator_observations (indicator_id, observed_at, value, source_id, payload_hash) VALUES ('inactivity_rate', '2026-03-30T14:02:00.000Z', 20.6406, 'ons_lms', 'seed_inactivity_rate_h18');
INSERT INTO indicator_observations (indicator_id, observed_at, value, source_id, payload_hash) VALUES ('inactivity_rate', '2026-03-31T14:02:00.000Z', 20.6179, 'ons_lms', 'seed_inactivity_rate_h17');
INSERT INTO indicator_observations (indicator_id, observed_at, value, source_id, payload_hash) VALUES ('inactivity_rate', '2026-04-01T14:02:00.000Z', 20.7395, 'ons_lms', 'seed_inactivity_rate_h16');
INSERT INTO indicator_observations (indicator_id, observed_at, value, source_id, payload_hash) VALUES ('inactivity_rate', '2026-04-02T14:02:00.000Z', 20.6029, 'ons_lms', 'seed_inactivity_rate_h15');
INSERT INTO indicator_observations (indicator_id, observed_at, value, source_id, payload_hash) VALUES ('inactivity_rate', '2026-04-03T14:02:00.000Z', 20.5000, 'ons_lms', 'seed_inactivity_rate_h14');
INSERT INTO indicator_observations (indicator_id, observed_at, value, source_id, payload_hash) VALUES ('inactivity_rate', '2026-04-04T14:02:00.000Z', 20.9558, 'ons_lms', 'seed_inactivity_rate_h13');
INSERT INTO indicator_observations (indicator_id, observed_at, value, source_id, payload_hash) VALUES ('inactivity_rate', '2026-04-05T14:02:00.000Z', 20.4857, 'ons_lms', 'seed_inactivity_rate_h12');
INSERT INTO indicator_observations (indicator_id, observed_at, value, source_id, payload_hash) VALUES ('inactivity_rate', '2026-04-06T14:02:00.000Z', 20.8651, 'ons_lms', 'seed_inactivity_rate_h11');
INSERT INTO indicator_observations (indicator_id, observed_at, value, source_id, payload_hash) VALUES ('inactivity_rate', '2026-04-07T14:02:00.000Z', 20.5312, 'ons_lms', 'seed_inactivity_rate_h10');
INSERT INTO indicator_observations (indicator_id, observed_at, value, source_id, payload_hash) VALUES ('inactivity_rate', '2026-04-08T14:02:00.000Z', 20.9692, 'ons_lms', 'seed_inactivity_rate_h9');
INSERT INTO indicator_observations (indicator_id, observed_at, value, source_id, payload_hash) VALUES ('inactivity_rate', '2026-04-09T14:02:00.000Z', 20.7795, 'ons_lms', 'seed_inactivity_rate_h8');
INSERT INTO indicator_observations (indicator_id, observed_at, value, source_id, payload_hash) VALUES ('inactivity_rate', '2026-04-10T14:02:00.000Z', 20.4165, 'ons_lms', 'seed_inactivity_rate_h7');
INSERT INTO indicator_observations (indicator_id, observed_at, value, source_id, payload_hash) VALUES ('inactivity_rate', '2026-04-11T14:02:00.000Z', 20.9186, 'ons_lms', 'seed_inactivity_rate_h6');
INSERT INTO indicator_observations (indicator_id, observed_at, value, source_id, payload_hash) VALUES ('inactivity_rate', '2026-04-12T14:02:00.000Z', 20.9270, 'ons_lms', 'seed_inactivity_rate_h5');
INSERT INTO indicator_observations (indicator_id, observed_at, value, source_id, payload_hash) VALUES ('inactivity_rate', '2026-04-13T14:02:00.000Z', 20.8304, 'ons_lms', 'seed_inactivity_rate_h4');
INSERT INTO indicator_observations (indicator_id, observed_at, value, source_id, payload_hash) VALUES ('inactivity_rate', '2026-04-14T14:02:00.000Z', 21.0026, 'ons_lms', 'seed_inactivity_rate_h3');
INSERT INTO indicator_observations (indicator_id, observed_at, value, source_id, payload_hash) VALUES ('inactivity_rate', '2026-04-15T14:02:00.000Z', 20.5372, 'ons_lms', 'seed_inactivity_rate_h2');
INSERT INTO indicator_observations (indicator_id, observed_at, value, source_id, payload_hash) VALUES ('inactivity_rate', '2026-04-16T14:02:00.000Z', 20.6518, 'ons_lms', 'seed_inactivity_rate_h1');
INSERT INTO indicator_observations (indicator_id, observed_at, value, source_id, payload_hash) VALUES ('inactivity_health', '2026-04-17T14:02:00.000Z', 2.81, 'ons_lms', 'seed_inactivity_health');
INSERT INTO indicator_observations (indicator_id, observed_at, value, source_id, payload_hash) VALUES ('inactivity_health', '2026-03-19T14:02:00.000Z', 2.8301, 'ons_lms', 'seed_inactivity_health_h29');
INSERT INTO indicator_observations (indicator_id, observed_at, value, source_id, payload_hash) VALUES ('inactivity_health', '2026-03-20T14:02:00.000Z', 2.8360, 'ons_lms', 'seed_inactivity_health_h28');
INSERT INTO indicator_observations (indicator_id, observed_at, value, source_id, payload_hash) VALUES ('inactivity_health', '2026-03-21T14:02:00.000Z', 2.8098, 'ons_lms', 'seed_inactivity_health_h27');
INSERT INTO indicator_observations (indicator_id, observed_at, value, source_id, payload_hash) VALUES ('inactivity_health', '2026-03-22T14:02:00.000Z', 2.7746, 'ons_lms', 'seed_inactivity_health_h26');
INSERT INTO indicator_observations (indicator_id, observed_at, value, source_id, payload_hash) VALUES ('inactivity_health', '2026-03-23T14:02:00.000Z', 2.8218, 'ons_lms', 'seed_inactivity_health_h25');
INSERT INTO indicator_observations (indicator_id, observed_at, value, source_id, payload_hash) VALUES ('inactivity_health', '2026-03-24T14:02:00.000Z', 2.8398, 'ons_lms', 'seed_inactivity_health_h24');
INSERT INTO indicator_observations (indicator_id, observed_at, value, source_id, payload_hash) VALUES ('inactivity_health', '2026-03-25T14:02:00.000Z', 2.8338, 'ons_lms', 'seed_inactivity_health_h23');
INSERT INTO indicator_observations (indicator_id, observed_at, value, source_id, payload_hash) VALUES ('inactivity_health', '2026-03-26T14:02:00.000Z', 2.7899, 'ons_lms', 'seed_inactivity_health_h22');
INSERT INTO indicator_observations (indicator_id, observed_at, value, source_id, payload_hash) VALUES ('inactivity_health', '2026-03-27T14:02:00.000Z', 2.7888, 'ons_lms', 'seed_inactivity_health_h21');
INSERT INTO indicator_observations (indicator_id, observed_at, value, source_id, payload_hash) VALUES ('inactivity_health', '2026-03-28T14:02:00.000Z', 2.8488, 'ons_lms', 'seed_inactivity_health_h20');
INSERT INTO indicator_observations (indicator_id, observed_at, value, source_id, payload_hash) VALUES ('inactivity_health', '2026-03-29T14:02:00.000Z', 2.8218, 'ons_lms', 'seed_inactivity_health_h19');
INSERT INTO indicator_observations (indicator_id, observed_at, value, source_id, payload_hash) VALUES ('inactivity_health', '2026-03-30T14:02:00.000Z', 2.7775, 'ons_lms', 'seed_inactivity_health_h18');
INSERT INTO indicator_observations (indicator_id, observed_at, value, source_id, payload_hash) VALUES ('inactivity_health', '2026-03-31T14:02:00.000Z', 2.8159, 'ons_lms', 'seed_inactivity_health_h17');
INSERT INTO indicator_observations (indicator_id, observed_at, value, source_id, payload_hash) VALUES ('inactivity_health', '2026-04-01T14:02:00.000Z', 2.8019, 'ons_lms', 'seed_inactivity_health_h16');
INSERT INTO indicator_observations (indicator_id, observed_at, value, source_id, payload_hash) VALUES ('inactivity_health', '2026-04-02T14:02:00.000Z', 2.7989, 'ons_lms', 'seed_inactivity_health_h15');
INSERT INTO indicator_observations (indicator_id, observed_at, value, source_id, payload_hash) VALUES ('inactivity_health', '2026-04-03T14:02:00.000Z', 2.8154, 'ons_lms', 'seed_inactivity_health_h14');
INSERT INTO indicator_observations (indicator_id, observed_at, value, source_id, payload_hash) VALUES ('inactivity_health', '2026-04-04T14:02:00.000Z', 2.7968, 'ons_lms', 'seed_inactivity_health_h13');
INSERT INTO indicator_observations (indicator_id, observed_at, value, source_id, payload_hash) VALUES ('inactivity_health', '2026-04-05T14:02:00.000Z', 2.7829, 'ons_lms', 'seed_inactivity_health_h12');
INSERT INTO indicator_observations (indicator_id, observed_at, value, source_id, payload_hash) VALUES ('inactivity_health', '2026-04-06T14:02:00.000Z', 2.8447, 'ons_lms', 'seed_inactivity_health_h11');
INSERT INTO indicator_observations (indicator_id, observed_at, value, source_id, payload_hash) VALUES ('inactivity_health', '2026-04-07T14:02:00.000Z', 2.7809, 'ons_lms', 'seed_inactivity_health_h10');
INSERT INTO indicator_observations (indicator_id, observed_at, value, source_id, payload_hash) VALUES ('inactivity_health', '2026-04-08T14:02:00.000Z', 2.8324, 'ons_lms', 'seed_inactivity_health_h9');
INSERT INTO indicator_observations (indicator_id, observed_at, value, source_id, payload_hash) VALUES ('inactivity_health', '2026-04-09T14:02:00.000Z', 2.7871, 'ons_lms', 'seed_inactivity_health_h8');
INSERT INTO indicator_observations (indicator_id, observed_at, value, source_id, payload_hash) VALUES ('inactivity_health', '2026-04-10T14:02:00.000Z', 2.8465, 'ons_lms', 'seed_inactivity_health_h7');
INSERT INTO indicator_observations (indicator_id, observed_at, value, source_id, payload_hash) VALUES ('inactivity_health', '2026-04-11T14:02:00.000Z', 2.8208, 'ons_lms', 'seed_inactivity_health_h6');
INSERT INTO indicator_observations (indicator_id, observed_at, value, source_id, payload_hash) VALUES ('inactivity_health', '2026-04-12T14:02:00.000Z', 2.7715, 'ons_lms', 'seed_inactivity_health_h5');
INSERT INTO indicator_observations (indicator_id, observed_at, value, source_id, payload_hash) VALUES ('inactivity_health', '2026-04-13T14:02:00.000Z', 2.8397, 'ons_lms', 'seed_inactivity_health_h4');
INSERT INTO indicator_observations (indicator_id, observed_at, value, source_id, payload_hash) VALUES ('inactivity_health', '2026-04-14T14:02:00.000Z', 2.8408, 'ons_lms', 'seed_inactivity_health_h3');
INSERT INTO indicator_observations (indicator_id, observed_at, value, source_id, payload_hash) VALUES ('inactivity_health', '2026-04-15T14:02:00.000Z', 2.8277, 'ons_lms', 'seed_inactivity_health_h2');
INSERT INTO indicator_observations (indicator_id, observed_at, value, source_id, payload_hash) VALUES ('inactivity_health', '2026-04-16T14:02:00.000Z', 2.8511, 'ons_lms', 'seed_inactivity_health_h1');
INSERT INTO indicator_observations (indicator_id, observed_at, value, source_id, payload_hash) VALUES ('unemployment', '2026-04-17T14:02:00.000Z', 4.6, 'ons_lms', 'seed_unemployment');
INSERT INTO indicator_observations (indicator_id, observed_at, value, source_id, payload_hash) VALUES ('unemployment', '2026-03-19T14:02:00.000Z', 4.6489, 'ons_lms', 'seed_unemployment_h29');
INSERT INTO indicator_observations (indicator_id, observed_at, value, source_id, payload_hash) VALUES ('unemployment', '2026-03-20T14:02:00.000Z', 4.6389, 'ons_lms', 'seed_unemployment_h28');
INSERT INTO indicator_observations (indicator_id, observed_at, value, source_id, payload_hash) VALUES ('unemployment', '2026-03-21T14:02:00.000Z', 4.5672, 'ons_lms', 'seed_unemployment_h27');
INSERT INTO indicator_observations (indicator_id, observed_at, value, source_id, payload_hash) VALUES ('unemployment', '2026-03-22T14:02:00.000Z', 4.5653, 'ons_lms', 'seed_unemployment_h26');
INSERT INTO indicator_observations (indicator_id, observed_at, value, source_id, payload_hash) VALUES ('unemployment', '2026-03-23T14:02:00.000Z', 4.6636, 'ons_lms', 'seed_unemployment_h25');
INSERT INTO indicator_observations (indicator_id, observed_at, value, source_id, payload_hash) VALUES ('unemployment', '2026-03-24T14:02:00.000Z', 4.6193, 'ons_lms', 'seed_unemployment_h24');
INSERT INTO indicator_observations (indicator_id, observed_at, value, source_id, payload_hash) VALUES ('unemployment', '2026-03-25T14:02:00.000Z', 4.5468, 'ons_lms', 'seed_unemployment_h23');
INSERT INTO indicator_observations (indicator_id, observed_at, value, source_id, payload_hash) VALUES ('unemployment', '2026-03-26T14:02:00.000Z', 4.6097, 'ons_lms', 'seed_unemployment_h22');
INSERT INTO indicator_observations (indicator_id, observed_at, value, source_id, payload_hash) VALUES ('unemployment', '2026-03-27T14:02:00.000Z', 4.5868, 'ons_lms', 'seed_unemployment_h21');
INSERT INTO indicator_observations (indicator_id, observed_at, value, source_id, payload_hash) VALUES ('unemployment', '2026-03-28T14:02:00.000Z', 4.5817, 'ons_lms', 'seed_unemployment_h20');
INSERT INTO indicator_observations (indicator_id, observed_at, value, source_id, payload_hash) VALUES ('unemployment', '2026-03-29T14:02:00.000Z', 4.6088, 'ons_lms', 'seed_unemployment_h19');
INSERT INTO indicator_observations (indicator_id, observed_at, value, source_id, payload_hash) VALUES ('unemployment', '2026-03-30T14:02:00.000Z', 4.5784, 'ons_lms', 'seed_unemployment_h18');
INSERT INTO indicator_observations (indicator_id, observed_at, value, source_id, payload_hash) VALUES ('unemployment', '2026-03-31T14:02:00.000Z', 4.5556, 'ons_lms', 'seed_unemployment_h17');
INSERT INTO indicator_observations (indicator_id, observed_at, value, source_id, payload_hash) VALUES ('unemployment', '2026-04-01T14:02:00.000Z', 4.6568, 'ons_lms', 'seed_unemployment_h16');
INSERT INTO indicator_observations (indicator_id, observed_at, value, source_id, payload_hash) VALUES ('unemployment', '2026-04-02T14:02:00.000Z', 4.5524, 'ons_lms', 'seed_unemployment_h15');
INSERT INTO indicator_observations (indicator_id, observed_at, value, source_id, payload_hash) VALUES ('unemployment', '2026-04-03T14:02:00.000Z', 4.6367, 'ons_lms', 'seed_unemployment_h14');
INSERT INTO indicator_observations (indicator_id, observed_at, value, source_id, payload_hash) VALUES ('unemployment', '2026-04-04T14:02:00.000Z', 4.5625, 'ons_lms', 'seed_unemployment_h13');
INSERT INTO indicator_observations (indicator_id, observed_at, value, source_id, payload_hash) VALUES ('unemployment', '2026-04-05T14:02:00.000Z', 4.6598, 'ons_lms', 'seed_unemployment_h12');
INSERT INTO indicator_observations (indicator_id, observed_at, value, source_id, payload_hash) VALUES ('unemployment', '2026-04-06T14:02:00.000Z', 4.6177, 'ons_lms', 'seed_unemployment_h11');
INSERT INTO indicator_observations (indicator_id, observed_at, value, source_id, payload_hash) VALUES ('unemployment', '2026-04-07T14:02:00.000Z', 4.5370, 'ons_lms', 'seed_unemployment_h10');
INSERT INTO indicator_observations (indicator_id, observed_at, value, source_id, payload_hash) VALUES ('unemployment', '2026-04-08T14:02:00.000Z', 4.6486, 'ons_lms', 'seed_unemployment_h9');
INSERT INTO indicator_observations (indicator_id, observed_at, value, source_id, payload_hash) VALUES ('unemployment', '2026-04-09T14:02:00.000Z', 4.6504, 'ons_lms', 'seed_unemployment_h8');
INSERT INTO indicator_observations (indicator_id, observed_at, value, source_id, payload_hash) VALUES ('unemployment', '2026-04-10T14:02:00.000Z', 4.6290, 'ons_lms', 'seed_unemployment_h7');
INSERT INTO indicator_observations (indicator_id, observed_at, value, source_id, payload_hash) VALUES ('unemployment', '2026-04-11T14:02:00.000Z', 4.6672, 'ons_lms', 'seed_unemployment_h6');
INSERT INTO indicator_observations (indicator_id, observed_at, value, source_id, payload_hash) VALUES ('unemployment', '2026-04-12T14:02:00.000Z', 4.5638, 'ons_lms', 'seed_unemployment_h5');
INSERT INTO indicator_observations (indicator_id, observed_at, value, source_id, payload_hash) VALUES ('unemployment', '2026-04-13T14:02:00.000Z', 4.5893, 'ons_lms', 'seed_unemployment_h4');
INSERT INTO indicator_observations (indicator_id, observed_at, value, source_id, payload_hash) VALUES ('unemployment', '2026-04-14T14:02:00.000Z', 4.5780, 'ons_lms', 'seed_unemployment_h3');
INSERT INTO indicator_observations (indicator_id, observed_at, value, source_id, payload_hash) VALUES ('unemployment', '2026-04-15T14:02:00.000Z', 4.6482, 'ons_lms', 'seed_unemployment_h2');
INSERT INTO indicator_observations (indicator_id, observed_at, value, source_id, payload_hash) VALUES ('unemployment', '2026-04-16T14:02:00.000Z', 4.5864, 'ons_lms', 'seed_unemployment_h1');
INSERT INTO indicator_observations (indicator_id, observed_at, value, source_id, payload_hash) VALUES ('vacancies_per_unemployed', '2026-04-17T14:02:00.000Z', 0.82, 'ons_lms', 'seed_vacancies_per_unemployed');
INSERT INTO indicator_observations (indicator_id, observed_at, value, source_id, payload_hash) VALUES ('vacancies_per_unemployed', '2026-03-19T14:02:00.000Z', 0.8198, 'ons_lms', 'seed_vacancies_per_unemployed_h29');
INSERT INTO indicator_observations (indicator_id, observed_at, value, source_id, payload_hash) VALUES ('vacancies_per_unemployed', '2026-03-20T14:02:00.000Z', 0.8163, 'ons_lms', 'seed_vacancies_per_unemployed_h28');
INSERT INTO indicator_observations (indicator_id, observed_at, value, source_id, payload_hash) VALUES ('vacancies_per_unemployed', '2026-03-21T14:02:00.000Z', 0.8195, 'ons_lms', 'seed_vacancies_per_unemployed_h27');
INSERT INTO indicator_observations (indicator_id, observed_at, value, source_id, payload_hash) VALUES ('vacancies_per_unemployed', '2026-03-22T14:02:00.000Z', 0.8300, 'ons_lms', 'seed_vacancies_per_unemployed_h26');
INSERT INTO indicator_observations (indicator_id, observed_at, value, source_id, payload_hash) VALUES ('vacancies_per_unemployed', '2026-03-23T14:02:00.000Z', 0.8319, 'ons_lms', 'seed_vacancies_per_unemployed_h25');
INSERT INTO indicator_observations (indicator_id, observed_at, value, source_id, payload_hash) VALUES ('vacancies_per_unemployed', '2026-03-24T14:02:00.000Z', 0.8184, 'ons_lms', 'seed_vacancies_per_unemployed_h24');
INSERT INTO indicator_observations (indicator_id, observed_at, value, source_id, payload_hash) VALUES ('vacancies_per_unemployed', '2026-03-25T14:02:00.000Z', 0.8099, 'ons_lms', 'seed_vacancies_per_unemployed_h23');
INSERT INTO indicator_observations (indicator_id, observed_at, value, source_id, payload_hash) VALUES ('vacancies_per_unemployed', '2026-03-26T14:02:00.000Z', 0.8259, 'ons_lms', 'seed_vacancies_per_unemployed_h22');
INSERT INTO indicator_observations (indicator_id, observed_at, value, source_id, payload_hash) VALUES ('vacancies_per_unemployed', '2026-03-27T14:02:00.000Z', 0.8276, 'ons_lms', 'seed_vacancies_per_unemployed_h21');
INSERT INTO indicator_observations (indicator_id, observed_at, value, source_id, payload_hash) VALUES ('vacancies_per_unemployed', '2026-03-28T14:02:00.000Z', 0.8200, 'ons_lms', 'seed_vacancies_per_unemployed_h20');
INSERT INTO indicator_observations (indicator_id, observed_at, value, source_id, payload_hash) VALUES ('vacancies_per_unemployed', '2026-03-29T14:02:00.000Z', 0.8097, 'ons_lms', 'seed_vacancies_per_unemployed_h19');
INSERT INTO indicator_observations (indicator_id, observed_at, value, source_id, payload_hash) VALUES ('vacancies_per_unemployed', '2026-03-30T14:02:00.000Z', 0.8234, 'ons_lms', 'seed_vacancies_per_unemployed_h18');
INSERT INTO indicator_observations (indicator_id, observed_at, value, source_id, payload_hash) VALUES ('vacancies_per_unemployed', '2026-03-31T14:02:00.000Z', 0.8287, 'ons_lms', 'seed_vacancies_per_unemployed_h17');
INSERT INTO indicator_observations (indicator_id, observed_at, value, source_id, payload_hash) VALUES ('vacancies_per_unemployed', '2026-04-01T14:02:00.000Z', 0.8269, 'ons_lms', 'seed_vacancies_per_unemployed_h16');
INSERT INTO indicator_observations (indicator_id, observed_at, value, source_id, payload_hash) VALUES ('vacancies_per_unemployed', '2026-04-02T14:02:00.000Z', 0.8141, 'ons_lms', 'seed_vacancies_per_unemployed_h15');
INSERT INTO indicator_observations (indicator_id, observed_at, value, source_id, payload_hash) VALUES ('vacancies_per_unemployed', '2026-04-03T14:02:00.000Z', 0.8138, 'ons_lms', 'seed_vacancies_per_unemployed_h14');
INSERT INTO indicator_observations (indicator_id, observed_at, value, source_id, payload_hash) VALUES ('vacancies_per_unemployed', '2026-04-04T14:02:00.000Z', 0.8313, 'ons_lms', 'seed_vacancies_per_unemployed_h13');
INSERT INTO indicator_observations (indicator_id, observed_at, value, source_id, payload_hash) VALUES ('vacancies_per_unemployed', '2026-04-05T14:02:00.000Z', 0.8234, 'ons_lms', 'seed_vacancies_per_unemployed_h12');
INSERT INTO indicator_observations (indicator_id, observed_at, value, source_id, payload_hash) VALUES ('vacancies_per_unemployed', '2026-04-06T14:02:00.000Z', 0.8105, 'ons_lms', 'seed_vacancies_per_unemployed_h11');
INSERT INTO indicator_observations (indicator_id, observed_at, value, source_id, payload_hash) VALUES ('vacancies_per_unemployed', '2026-04-07T14:02:00.000Z', 0.8217, 'ons_lms', 'seed_vacancies_per_unemployed_h10');
INSERT INTO indicator_observations (indicator_id, observed_at, value, source_id, payload_hash) VALUES ('vacancies_per_unemployed', '2026-04-08T14:02:00.000Z', 0.8176, 'ons_lms', 'seed_vacancies_per_unemployed_h9');
INSERT INTO indicator_observations (indicator_id, observed_at, value, source_id, payload_hash) VALUES ('vacancies_per_unemployed', '2026-04-09T14:02:00.000Z', 0.8167, 'ons_lms', 'seed_vacancies_per_unemployed_h8');
INSERT INTO indicator_observations (indicator_id, observed_at, value, source_id, payload_hash) VALUES ('vacancies_per_unemployed', '2026-04-10T14:02:00.000Z', 0.8216, 'ons_lms', 'seed_vacancies_per_unemployed_h7');
INSERT INTO indicator_observations (indicator_id, observed_at, value, source_id, payload_hash) VALUES ('vacancies_per_unemployed', '2026-04-11T14:02:00.000Z', 0.8162, 'ons_lms', 'seed_vacancies_per_unemployed_h6');
INSERT INTO indicator_observations (indicator_id, observed_at, value, source_id, payload_hash) VALUES ('vacancies_per_unemployed', '2026-04-12T14:02:00.000Z', 0.8121, 'ons_lms', 'seed_vacancies_per_unemployed_h5');
INSERT INTO indicator_observations (indicator_id, observed_at, value, source_id, payload_hash) VALUES ('vacancies_per_unemployed', '2026-04-13T14:02:00.000Z', 0.8301, 'ons_lms', 'seed_vacancies_per_unemployed_h4');
INSERT INTO indicator_observations (indicator_id, observed_at, value, source_id, payload_hash) VALUES ('vacancies_per_unemployed', '2026-04-14T14:02:00.000Z', 0.8115, 'ons_lms', 'seed_vacancies_per_unemployed_h3');
INSERT INTO indicator_observations (indicator_id, observed_at, value, source_id, payload_hash) VALUES ('vacancies_per_unemployed', '2026-04-15T14:02:00.000Z', 0.8265, 'ons_lms', 'seed_vacancies_per_unemployed_h2');
INSERT INTO indicator_observations (indicator_id, observed_at, value, source_id, payload_hash) VALUES ('vacancies_per_unemployed', '2026-04-16T14:02:00.000Z', 0.8133, 'ons_lms', 'seed_vacancies_per_unemployed_h1');
INSERT INTO indicator_observations (indicator_id, observed_at, value, source_id, payload_hash) VALUES ('payroll_mom', '2026-04-17T14:02:00.000Z', 232.8, 'ons_rti', 'seed_payroll_mom');
INSERT INTO indicator_observations (indicator_id, observed_at, value, source_id, payload_hash) VALUES ('payroll_mom', '2026-03-19T14:02:00.000Z', 234.7711, 'ons_rti', 'seed_payroll_mom_h29');
INSERT INTO indicator_observations (indicator_id, observed_at, value, source_id, payload_hash) VALUES ('payroll_mom', '2026-03-20T14:02:00.000Z', 231.1389, 'ons_rti', 'seed_payroll_mom_h28');
INSERT INTO indicator_observations (indicator_id, observed_at, value, source_id, payload_hash) VALUES ('payroll_mom', '2026-03-21T14:02:00.000Z', 231.0458, 'ons_rti', 'seed_payroll_mom_h27');
INSERT INTO indicator_observations (indicator_id, observed_at, value, source_id, payload_hash) VALUES ('payroll_mom', '2026-03-22T14:02:00.000Z', 236.0172, 'ons_rti', 'seed_payroll_mom_h26');
INSERT INTO indicator_observations (indicator_id, observed_at, value, source_id, payload_hash) VALUES ('payroll_mom', '2026-03-23T14:02:00.000Z', 233.7752, 'ons_rti', 'seed_payroll_mom_h25');
INSERT INTO indicator_observations (indicator_id, observed_at, value, source_id, payload_hash) VALUES ('payroll_mom', '2026-03-24T14:02:00.000Z', 230.1082, 'ons_rti', 'seed_payroll_mom_h24');
INSERT INTO indicator_observations (indicator_id, observed_at, value, source_id, payload_hash) VALUES ('payroll_mom', '2026-03-25T14:02:00.000Z', 233.2900, 'ons_rti', 'seed_payroll_mom_h23');
INSERT INTO indicator_observations (indicator_id, observed_at, value, source_id, payload_hash) VALUES ('payroll_mom', '2026-03-26T14:02:00.000Z', 232.1318, 'ons_rti', 'seed_payroll_mom_h22');
INSERT INTO indicator_observations (indicator_id, observed_at, value, source_id, payload_hash) VALUES ('payroll_mom', '2026-03-27T14:02:00.000Z', 231.8764, 'ons_rti', 'seed_payroll_mom_h21');
INSERT INTO indicator_observations (indicator_id, observed_at, value, source_id, payload_hash) VALUES ('payroll_mom', '2026-03-28T14:02:00.000Z', 233.2448, 'ons_rti', 'seed_payroll_mom_h20');
INSERT INTO indicator_observations (indicator_id, observed_at, value, source_id, payload_hash) VALUES ('payroll_mom', '2026-03-29T14:02:00.000Z', 231.7084, 'ons_rti', 'seed_payroll_mom_h19');
INSERT INTO indicator_observations (indicator_id, observed_at, value, source_id, payload_hash) VALUES ('payroll_mom', '2026-03-30T14:02:00.000Z', 230.5511, 'ons_rti', 'seed_payroll_mom_h18');
INSERT INTO indicator_observations (indicator_id, observed_at, value, source_id, payload_hash) VALUES ('payroll_mom', '2026-03-31T14:02:00.000Z', 235.6767, 'ons_rti', 'seed_payroll_mom_h17');
INSERT INTO indicator_observations (indicator_id, observed_at, value, source_id, payload_hash) VALUES ('payroll_mom', '2026-04-01T14:02:00.000Z', 230.3894, 'ons_rti', 'seed_payroll_mom_h16');
INSERT INTO indicator_observations (indicator_id, observed_at, value, source_id, payload_hash) VALUES ('payroll_mom', '2026-04-02T14:02:00.000Z', 234.6567, 'ons_rti', 'seed_payroll_mom_h15');
INSERT INTO indicator_observations (indicator_id, observed_at, value, source_id, payload_hash) VALUES ('payroll_mom', '2026-04-03T14:02:00.000Z', 230.9014, 'ons_rti', 'seed_payroll_mom_h14');
INSERT INTO indicator_observations (indicator_id, observed_at, value, source_id, payload_hash) VALUES ('payroll_mom', '2026-04-04T14:02:00.000Z', 235.8277, 'ons_rti', 'seed_payroll_mom_h13');
INSERT INTO indicator_observations (indicator_id, observed_at, value, source_id, payload_hash) VALUES ('payroll_mom', '2026-04-05T14:02:00.000Z', 233.6944, 'ons_rti', 'seed_payroll_mom_h12');
INSERT INTO indicator_observations (indicator_id, observed_at, value, source_id, payload_hash) VALUES ('payroll_mom', '2026-04-06T14:02:00.000Z', 229.6115, 'ons_rti', 'seed_payroll_mom_h11');
INSERT INTO indicator_observations (indicator_id, observed_at, value, source_id, payload_hash) VALUES ('payroll_mom', '2026-04-07T14:02:00.000Z', 235.2581, 'ons_rti', 'seed_payroll_mom_h10');
INSERT INTO indicator_observations (indicator_id, observed_at, value, source_id, payload_hash) VALUES ('payroll_mom', '2026-04-08T14:02:00.000Z', 235.3530, 'ons_rti', 'seed_payroll_mom_h9');
INSERT INTO indicator_observations (indicator_id, observed_at, value, source_id, payload_hash) VALUES ('payroll_mom', '2026-04-09T14:02:00.000Z', 234.2665, 'ons_rti', 'seed_payroll_mom_h8');
INSERT INTO indicator_observations (indicator_id, observed_at, value, source_id, payload_hash) VALUES ('payroll_mom', '2026-04-10T14:02:00.000Z', 236.2034, 'ons_rti', 'seed_payroll_mom_h7');
INSERT INTO indicator_observations (indicator_id, observed_at, value, source_id, payload_hash) VALUES ('payroll_mom', '2026-04-11T14:02:00.000Z', 230.9688, 'ons_rti', 'seed_payroll_mom_h6');
INSERT INTO indicator_observations (indicator_id, observed_at, value, source_id, payload_hash) VALUES ('payroll_mom', '2026-04-12T14:02:00.000Z', 232.2581, 'ons_rti', 'seed_payroll_mom_h5');
INSERT INTO indicator_observations (indicator_id, observed_at, value, source_id, payload_hash) VALUES ('payroll_mom', '2026-04-13T14:02:00.000Z', 231.6882, 'ons_rti', 'seed_payroll_mom_h4');
INSERT INTO indicator_observations (indicator_id, observed_at, value, source_id, payload_hash) VALUES ('payroll_mom', '2026-04-14T14:02:00.000Z', 235.2379, 'ons_rti', 'seed_payroll_mom_h3');
INSERT INTO indicator_observations (indicator_id, observed_at, value, source_id, payload_hash) VALUES ('payroll_mom', '2026-04-15T14:02:00.000Z', 232.1108, 'ons_rti', 'seed_payroll_mom_h2');
INSERT INTO indicator_observations (indicator_id, observed_at, value, source_id, payload_hash) VALUES ('payroll_mom', '2026-04-16T14:02:00.000Z', 233.5760, 'ons_rti', 'seed_payroll_mom_h1');
INSERT INTO indicator_observations (indicator_id, observed_at, value, source_id, payload_hash) VALUES ('real_regular_pay', '2026-04-17T14:02:00.000Z', 0.7, 'ons_lms', 'seed_real_regular_pay');
INSERT INTO indicator_observations (indicator_id, observed_at, value, source_id, payload_hash) VALUES ('real_regular_pay', '2026-03-19T14:02:00.000Z', 0.7065, 'ons_lms', 'seed_real_regular_pay_h29');
INSERT INTO indicator_observations (indicator_id, observed_at, value, source_id, payload_hash) VALUES ('real_regular_pay', '2026-03-20T14:02:00.000Z', 0.7000, 'ons_lms', 'seed_real_regular_pay_h28');
INSERT INTO indicator_observations (indicator_id, observed_at, value, source_id, payload_hash) VALUES ('real_regular_pay', '2026-03-21T14:02:00.000Z', 0.6912, 'ons_lms', 'seed_real_regular_pay_h27');
INSERT INTO indicator_observations (indicator_id, observed_at, value, source_id, payload_hash) VALUES ('real_regular_pay', '2026-03-22T14:02:00.000Z', 0.7029, 'ons_lms', 'seed_real_regular_pay_h26');
INSERT INTO indicator_observations (indicator_id, observed_at, value, source_id, payload_hash) VALUES ('real_regular_pay', '2026-03-23T14:02:00.000Z', 0.7074, 'ons_lms', 'seed_real_regular_pay_h25');
INSERT INTO indicator_observations (indicator_id, observed_at, value, source_id, payload_hash) VALUES ('real_regular_pay', '2026-03-24T14:02:00.000Z', 0.7059, 'ons_lms', 'seed_real_regular_pay_h24');
INSERT INTO indicator_observations (indicator_id, observed_at, value, source_id, payload_hash) VALUES ('real_regular_pay', '2026-03-25T14:02:00.000Z', 0.6950, 'ons_lms', 'seed_real_regular_pay_h23');
INSERT INTO indicator_observations (indicator_id, observed_at, value, source_id, payload_hash) VALUES ('real_regular_pay', '2026-03-26T14:02:00.000Z', 0.6947, 'ons_lms', 'seed_real_regular_pay_h22');
INSERT INTO indicator_observations (indicator_id, observed_at, value, source_id, payload_hash) VALUES ('real_regular_pay', '2026-03-27T14:02:00.000Z', 0.7097, 'ons_lms', 'seed_real_regular_pay_h21');
INSERT INTO indicator_observations (indicator_id, observed_at, value, source_id, payload_hash) VALUES ('real_regular_pay', '2026-03-28T14:02:00.000Z', 0.7029, 'ons_lms', 'seed_real_regular_pay_h20');
INSERT INTO indicator_observations (indicator_id, observed_at, value, source_id, payload_hash) VALUES ('real_regular_pay', '2026-03-29T14:02:00.000Z', 0.6919, 'ons_lms', 'seed_real_regular_pay_h19');
INSERT INTO indicator_observations (indicator_id, observed_at, value, source_id, payload_hash) VALUES ('real_regular_pay', '2026-03-30T14:02:00.000Z', 0.7015, 'ons_lms', 'seed_real_regular_pay_h18');
INSERT INTO indicator_observations (indicator_id, observed_at, value, source_id, payload_hash) VALUES ('real_regular_pay', '2026-03-31T14:02:00.000Z', 0.6980, 'ons_lms', 'seed_real_regular_pay_h17');
INSERT INTO indicator_observations (indicator_id, observed_at, value, source_id, payload_hash) VALUES ('real_regular_pay', '2026-04-01T14:02:00.000Z', 0.6972, 'ons_lms', 'seed_real_regular_pay_h16');
INSERT INTO indicator_observations (indicator_id, observed_at, value, source_id, payload_hash) VALUES ('real_regular_pay', '2026-04-02T14:02:00.000Z', 0.7013, 'ons_lms', 'seed_real_regular_pay_h15');
INSERT INTO indicator_observations (indicator_id, observed_at, value, source_id, payload_hash) VALUES ('real_regular_pay', '2026-04-03T14:02:00.000Z', 0.6967, 'ons_lms', 'seed_real_regular_pay_h14');
INSERT INTO indicator_observations (indicator_id, observed_at, value, source_id, payload_hash) VALUES ('real_regular_pay', '2026-04-04T14:02:00.000Z', 0.6932, 'ons_lms', 'seed_real_regular_pay_h13');
INSERT INTO indicator_observations (indicator_id, observed_at, value, source_id, payload_hash) VALUES ('real_regular_pay', '2026-04-05T14:02:00.000Z', 0.7086, 'ons_lms', 'seed_real_regular_pay_h12');
INSERT INTO indicator_observations (indicator_id, observed_at, value, source_id, payload_hash) VALUES ('real_regular_pay', '2026-04-06T14:02:00.000Z', 0.6928, 'ons_lms', 'seed_real_regular_pay_h11');
INSERT INTO indicator_observations (indicator_id, observed_at, value, source_id, payload_hash) VALUES ('real_regular_pay', '2026-04-07T14:02:00.000Z', 0.7056, 'ons_lms', 'seed_real_regular_pay_h10');
INSERT INTO indicator_observations (indicator_id, observed_at, value, source_id, payload_hash) VALUES ('real_regular_pay', '2026-04-08T14:02:00.000Z', 0.6943, 'ons_lms', 'seed_real_regular_pay_h9');
INSERT INTO indicator_observations (indicator_id, observed_at, value, source_id, payload_hash) VALUES ('real_regular_pay', '2026-04-09T14:02:00.000Z', 0.7091, 'ons_lms', 'seed_real_regular_pay_h8');
INSERT INTO indicator_observations (indicator_id, observed_at, value, source_id, payload_hash) VALUES ('real_regular_pay', '2026-04-10T14:02:00.000Z', 0.7027, 'ons_lms', 'seed_real_regular_pay_h7');
INSERT INTO indicator_observations (indicator_id, observed_at, value, source_id, payload_hash) VALUES ('real_regular_pay', '2026-04-11T14:02:00.000Z', 0.6904, 'ons_lms', 'seed_real_regular_pay_h6');
INSERT INTO indicator_observations (indicator_id, observed_at, value, source_id, payload_hash) VALUES ('real_regular_pay', '2026-04-12T14:02:00.000Z', 0.7074, 'ons_lms', 'seed_real_regular_pay_h5');
INSERT INTO indicator_observations (indicator_id, observed_at, value, source_id, payload_hash) VALUES ('real_regular_pay', '2026-04-13T14:02:00.000Z', 0.7077, 'ons_lms', 'seed_real_regular_pay_h4');
INSERT INTO indicator_observations (indicator_id, observed_at, value, source_id, payload_hash) VALUES ('real_regular_pay', '2026-04-14T14:02:00.000Z', 0.7044, 'ons_lms', 'seed_real_regular_pay_h3');
INSERT INTO indicator_observations (indicator_id, observed_at, value, source_id, payload_hash) VALUES ('real_regular_pay', '2026-04-15T14:02:00.000Z', 0.7102, 'ons_lms', 'seed_real_regular_pay_h2');
INSERT INTO indicator_observations (indicator_id, observed_at, value, source_id, payload_hash) VALUES ('real_regular_pay', '2026-04-16T14:02:00.000Z', 0.6945, 'ons_lms', 'seed_real_regular_pay_h1');
INSERT INTO indicator_observations (indicator_id, observed_at, value, source_id, payload_hash) VALUES ('mortgage_2y_fix', '2026-04-17T14:02:00.000Z', 5.84, 'moneyfacts', 'seed_mortgage_2y_fix');
INSERT INTO indicator_observations (indicator_id, observed_at, value, source_id, payload_hash) VALUES ('mortgage_2y_fix', '2026-03-19T14:02:00.000Z', 5.8397, 'moneyfacts', 'seed_mortgage_2y_fix_h29');
INSERT INTO indicator_observations (indicator_id, observed_at, value, source_id, payload_hash) VALUES ('mortgage_2y_fix', '2026-03-20T14:02:00.000Z', 5.7664, 'moneyfacts', 'seed_mortgage_2y_fix_h28');
INSERT INTO indicator_observations (indicator_id, observed_at, value, source_id, payload_hash) VALUES ('mortgage_2y_fix', '2026-03-21T14:02:00.000Z', 5.8645, 'moneyfacts', 'seed_mortgage_2y_fix_h27');
INSERT INTO indicator_observations (indicator_id, observed_at, value, source_id, payload_hash) VALUES ('mortgage_2y_fix', '2026-03-22T14:02:00.000Z', 5.9020, 'moneyfacts', 'seed_mortgage_2y_fix_h26');
INSERT INTO indicator_observations (indicator_id, observed_at, value, source_id, payload_hash) VALUES ('mortgage_2y_fix', '2026-03-23T14:02:00.000Z', 5.8894, 'moneyfacts', 'seed_mortgage_2y_fix_h25');
INSERT INTO indicator_observations (indicator_id, observed_at, value, source_id, payload_hash) VALUES ('mortgage_2y_fix', '2026-03-24T14:02:00.000Z', 5.7983, 'moneyfacts', 'seed_mortgage_2y_fix_h24');
INSERT INTO indicator_observations (indicator_id, observed_at, value, source_id, payload_hash) VALUES ('mortgage_2y_fix', '2026-03-25T14:02:00.000Z', 5.7960, 'moneyfacts', 'seed_mortgage_2y_fix_h23');
INSERT INTO indicator_observations (indicator_id, observed_at, value, source_id, payload_hash) VALUES ('mortgage_2y_fix', '2026-03-26T14:02:00.000Z', 5.9207, 'moneyfacts', 'seed_mortgage_2y_fix_h22');
INSERT INTO indicator_observations (indicator_id, observed_at, value, source_id, payload_hash) VALUES ('mortgage_2y_fix', '2026-03-27T14:02:00.000Z', 5.8645, 'moneyfacts', 'seed_mortgage_2y_fix_h21');
INSERT INTO indicator_observations (indicator_id, observed_at, value, source_id, payload_hash) VALUES ('mortgage_2y_fix', '2026-03-28T14:02:00.000Z', 5.7725, 'moneyfacts', 'seed_mortgage_2y_fix_h20');
INSERT INTO indicator_observations (indicator_id, observed_at, value, source_id, payload_hash) VALUES ('mortgage_2y_fix', '2026-03-29T14:02:00.000Z', 5.8523, 'moneyfacts', 'seed_mortgage_2y_fix_h19');
INSERT INTO indicator_observations (indicator_id, observed_at, value, source_id, payload_hash) VALUES ('mortgage_2y_fix', '2026-03-30T14:02:00.000Z', 5.8232, 'moneyfacts', 'seed_mortgage_2y_fix_h18');
INSERT INTO indicator_observations (indicator_id, observed_at, value, source_id, payload_hash) VALUES ('mortgage_2y_fix', '2026-03-31T14:02:00.000Z', 5.8168, 'moneyfacts', 'seed_mortgage_2y_fix_h17');
INSERT INTO indicator_observations (indicator_id, observed_at, value, source_id, payload_hash) VALUES ('mortgage_2y_fix', '2026-04-01T14:02:00.000Z', 5.8512, 'moneyfacts', 'seed_mortgage_2y_fix_h16');
INSERT INTO indicator_observations (indicator_id, observed_at, value, source_id, payload_hash) VALUES ('mortgage_2y_fix', '2026-04-02T14:02:00.000Z', 5.8126, 'moneyfacts', 'seed_mortgage_2y_fix_h15');
INSERT INTO indicator_observations (indicator_id, observed_at, value, source_id, payload_hash) VALUES ('mortgage_2y_fix', '2026-04-03T14:02:00.000Z', 5.7836, 'moneyfacts', 'seed_mortgage_2y_fix_h14');
INSERT INTO indicator_observations (indicator_id, observed_at, value, source_id, payload_hash) VALUES ('mortgage_2y_fix', '2026-04-04T14:02:00.000Z', 5.9122, 'moneyfacts', 'seed_mortgage_2y_fix_h13');
INSERT INTO indicator_observations (indicator_id, observed_at, value, source_id, payload_hash) VALUES ('mortgage_2y_fix', '2026-04-05T14:02:00.000Z', 5.7795, 'moneyfacts', 'seed_mortgage_2y_fix_h12');
INSERT INTO indicator_observations (indicator_id, observed_at, value, source_id, payload_hash) VALUES ('mortgage_2y_fix', '2026-04-06T14:02:00.000Z', 5.8866, 'moneyfacts', 'seed_mortgage_2y_fix_h11');
INSERT INTO indicator_observations (indicator_id, observed_at, value, source_id, payload_hash) VALUES ('mortgage_2y_fix', '2026-04-07T14:02:00.000Z', 5.7924, 'moneyfacts', 'seed_mortgage_2y_fix_h10');
INSERT INTO indicator_observations (indicator_id, observed_at, value, source_id, payload_hash) VALUES ('mortgage_2y_fix', '2026-04-08T14:02:00.000Z', 5.9160, 'moneyfacts', 'seed_mortgage_2y_fix_h9');
INSERT INTO indicator_observations (indicator_id, observed_at, value, source_id, payload_hash) VALUES ('mortgage_2y_fix', '2026-04-09T14:02:00.000Z', 5.8624, 'moneyfacts', 'seed_mortgage_2y_fix_h8');
INSERT INTO indicator_observations (indicator_id, observed_at, value, source_id, payload_hash) VALUES ('mortgage_2y_fix', '2026-04-10T14:02:00.000Z', 5.7600, 'moneyfacts', 'seed_mortgage_2y_fix_h7');
INSERT INTO indicator_observations (indicator_id, observed_at, value, source_id, payload_hash) VALUES ('mortgage_2y_fix', '2026-04-11T14:02:00.000Z', 5.9017, 'moneyfacts', 'seed_mortgage_2y_fix_h6');
INSERT INTO indicator_observations (indicator_id, observed_at, value, source_id, payload_hash) VALUES ('mortgage_2y_fix', '2026-04-12T14:02:00.000Z', 5.9040, 'moneyfacts', 'seed_mortgage_2y_fix_h5');
INSERT INTO indicator_observations (indicator_id, observed_at, value, source_id, payload_hash) VALUES ('mortgage_2y_fix', '2026-04-13T14:02:00.000Z', 5.8768, 'moneyfacts', 'seed_mortgage_2y_fix_h4');
INSERT INTO indicator_observations (indicator_id, observed_at, value, source_id, payload_hash) VALUES ('mortgage_2y_fix', '2026-04-14T14:02:00.000Z', 5.9254, 'moneyfacts', 'seed_mortgage_2y_fix_h3');
INSERT INTO indicator_observations (indicator_id, observed_at, value, source_id, payload_hash) VALUES ('mortgage_2y_fix', '2026-04-15T14:02:00.000Z', 5.7941, 'moneyfacts', 'seed_mortgage_2y_fix_h2');
INSERT INTO indicator_observations (indicator_id, observed_at, value, source_id, payload_hash) VALUES ('mortgage_2y_fix', '2026-04-16T14:02:00.000Z', 5.8264, 'moneyfacts', 'seed_mortgage_2y_fix_h1');
INSERT INTO indicator_observations (indicator_id, observed_at, value, source_id, payload_hash) VALUES ('dd_failure_rate', '2026-04-17T14:02:00.000Z', 0.88, 'ons_rti', 'seed_dd_failure_rate');
INSERT INTO indicator_observations (indicator_id, observed_at, value, source_id, payload_hash) VALUES ('dd_failure_rate', '2026-03-19T14:02:00.000Z', 0.8799, 'ons_rti', 'seed_dd_failure_rate_h29');
INSERT INTO indicator_observations (indicator_id, observed_at, value, source_id, payload_hash) VALUES ('dd_failure_rate', '2026-03-20T14:02:00.000Z', 0.8689, 'ons_rti', 'seed_dd_failure_rate_h28');
INSERT INTO indicator_observations (indicator_id, observed_at, value, source_id, payload_hash) VALUES ('dd_failure_rate', '2026-03-21T14:02:00.000Z', 0.8837, 'ons_rti', 'seed_dd_failure_rate_h27');
INSERT INTO indicator_observations (indicator_id, observed_at, value, source_id, payload_hash) VALUES ('dd_failure_rate', '2026-03-22T14:02:00.000Z', 0.8893, 'ons_rti', 'seed_dd_failure_rate_h26');
INSERT INTO indicator_observations (indicator_id, observed_at, value, source_id, payload_hash) VALUES ('dd_failure_rate', '2026-03-23T14:02:00.000Z', 0.8875, 'ons_rti', 'seed_dd_failure_rate_h25');
INSERT INTO indicator_observations (indicator_id, observed_at, value, source_id, payload_hash) VALUES ('dd_failure_rate', '2026-03-24T14:02:00.000Z', 0.8737, 'ons_rti', 'seed_dd_failure_rate_h24');
INSERT INTO indicator_observations (indicator_id, observed_at, value, source_id, payload_hash) VALUES ('dd_failure_rate', '2026-03-25T14:02:00.000Z', 0.8734, 'ons_rti', 'seed_dd_failure_rate_h23');
INSERT INTO indicator_observations (indicator_id, observed_at, value, source_id, payload_hash) VALUES ('dd_failure_rate', '2026-03-26T14:02:00.000Z', 0.8922, 'ons_rti', 'seed_dd_failure_rate_h22');
INSERT INTO indicator_observations (indicator_id, observed_at, value, source_id, payload_hash) VALUES ('dd_failure_rate', '2026-03-27T14:02:00.000Z', 0.8837, 'ons_rti', 'seed_dd_failure_rate_h21');
INSERT INTO indicator_observations (indicator_id, observed_at, value, source_id, payload_hash) VALUES ('dd_failure_rate', '2026-03-28T14:02:00.000Z', 0.8698, 'ons_rti', 'seed_dd_failure_rate_h20');
INSERT INTO indicator_observations (indicator_id, observed_at, value, source_id, payload_hash) VALUES ('dd_failure_rate', '2026-03-29T14:02:00.000Z', 0.8819, 'ons_rti', 'seed_dd_failure_rate_h19');
INSERT INTO indicator_observations (indicator_id, observed_at, value, source_id, payload_hash) VALUES ('dd_failure_rate', '2026-03-30T14:02:00.000Z', 0.8775, 'ons_rti', 'seed_dd_failure_rate_h18');
INSERT INTO indicator_observations (indicator_id, observed_at, value, source_id, payload_hash) VALUES ('dd_failure_rate', '2026-03-31T14:02:00.000Z', 0.8765, 'ons_rti', 'seed_dd_failure_rate_h17');
INSERT INTO indicator_observations (indicator_id, observed_at, value, source_id, payload_hash) VALUES ('dd_failure_rate', '2026-04-01T14:02:00.000Z', 0.8817, 'ons_rti', 'seed_dd_failure_rate_h16');
INSERT INTO indicator_observations (indicator_id, observed_at, value, source_id, payload_hash) VALUES ('dd_failure_rate', '2026-04-02T14:02:00.000Z', 0.8759, 'ons_rti', 'seed_dd_failure_rate_h15');
INSERT INTO indicator_observations (indicator_id, observed_at, value, source_id, payload_hash) VALUES ('dd_failure_rate', '2026-04-03T14:02:00.000Z', 0.8715, 'ons_rti', 'seed_dd_failure_rate_h14');
INSERT INTO indicator_observations (indicator_id, observed_at, value, source_id, payload_hash) VALUES ('dd_failure_rate', '2026-04-04T14:02:00.000Z', 0.8909, 'ons_rti', 'seed_dd_failure_rate_h13');
INSERT INTO indicator_observations (indicator_id, observed_at, value, source_id, payload_hash) VALUES ('dd_failure_rate', '2026-04-05T14:02:00.000Z', 0.8709, 'ons_rti', 'seed_dd_failure_rate_h12');
INSERT INTO indicator_observations (indicator_id, observed_at, value, source_id, payload_hash) VALUES ('dd_failure_rate', '2026-04-06T14:02:00.000Z', 0.8870, 'ons_rti', 'seed_dd_failure_rate_h11');
INSERT INTO indicator_observations (indicator_id, observed_at, value, source_id, payload_hash) VALUES ('dd_failure_rate', '2026-04-07T14:02:00.000Z', 0.8728, 'ons_rti', 'seed_dd_failure_rate_h10');
INSERT INTO indicator_observations (indicator_id, observed_at, value, source_id, payload_hash) VALUES ('dd_failure_rate', '2026-04-08T14:02:00.000Z', 0.8914, 'ons_rti', 'seed_dd_failure_rate_h9');
INSERT INTO indicator_observations (indicator_id, observed_at, value, source_id, payload_hash) VALUES ('dd_failure_rate', '2026-04-09T14:02:00.000Z', 0.8834, 'ons_rti', 'seed_dd_failure_rate_h8');
INSERT INTO indicator_observations (indicator_id, observed_at, value, source_id, payload_hash) VALUES ('dd_failure_rate', '2026-04-10T14:02:00.000Z', 0.8679, 'ons_rti', 'seed_dd_failure_rate_h7');
INSERT INTO indicator_observations (indicator_id, observed_at, value, source_id, payload_hash) VALUES ('dd_failure_rate', '2026-04-11T14:02:00.000Z', 0.8893, 'ons_rti', 'seed_dd_failure_rate_h6');
INSERT INTO indicator_observations (indicator_id, observed_at, value, source_id, payload_hash) VALUES ('dd_failure_rate', '2026-04-12T14:02:00.000Z', 0.8897, 'ons_rti', 'seed_dd_failure_rate_h5');
INSERT INTO indicator_observations (indicator_id, observed_at, value, source_id, payload_hash) VALUES ('dd_failure_rate', '2026-04-13T14:02:00.000Z', 0.8855, 'ons_rti', 'seed_dd_failure_rate_h4');
INSERT INTO indicator_observations (indicator_id, observed_at, value, source_id, payload_hash) VALUES ('dd_failure_rate', '2026-04-14T14:02:00.000Z', 0.8929, 'ons_rti', 'seed_dd_failure_rate_h3');
INSERT INTO indicator_observations (indicator_id, observed_at, value, source_id, payload_hash) VALUES ('dd_failure_rate', '2026-04-15T14:02:00.000Z', 0.8731, 'ons_rti', 'seed_dd_failure_rate_h2');
INSERT INTO indicator_observations (indicator_id, observed_at, value, source_id, payload_hash) VALUES ('dd_failure_rate', '2026-04-16T14:02:00.000Z', 0.8780, 'ons_rti', 'seed_dd_failure_rate_h1');
INSERT INTO indicator_observations (indicator_id, observed_at, value, source_id, payload_hash) VALUES ('housing_trajectory', '2026-04-17T14:02:00.000Z', 72.6, 'mhclg', 'seed_housing_trajectory');
INSERT INTO indicator_observations (indicator_id, observed_at, value, source_id, payload_hash) VALUES ('housing_trajectory', '2026-03-19T14:02:00.000Z', 71.7038, 'mhclg', 'seed_housing_trajectory_h29');
INSERT INTO indicator_observations (indicator_id, observed_at, value, source_id, payload_hash) VALUES ('housing_trajectory', '2026-03-20T14:02:00.000Z', 73.1193, 'mhclg', 'seed_housing_trajectory_h28');
INSERT INTO indicator_observations (indicator_id, observed_at, value, source_id, payload_hash) VALUES ('housing_trajectory', '2026-03-21T14:02:00.000Z', 73.2723, 'mhclg', 'seed_housing_trajectory_h27');
INSERT INTO indicator_observations (indicator_id, observed_at, value, source_id, payload_hash) VALUES ('housing_trajectory', '2026-03-22T14:02:00.000Z', 72.5957, 'mhclg', 'seed_housing_trajectory_h26');
INSERT INTO indicator_observations (indicator_id, observed_at, value, source_id, payload_hash) VALUES ('housing_trajectory', '2026-03-23T14:02:00.000Z', 71.6852, 'mhclg', 'seed_housing_trajectory_h25');
INSERT INTO indicator_observations (indicator_id, observed_at, value, source_id, payload_hash) VALUES ('housing_trajectory', '2026-03-24T14:02:00.000Z', 72.9046, 'mhclg', 'seed_housing_trajectory_h24');
INSERT INTO indicator_observations (indicator_id, observed_at, value, source_id, payload_hash) VALUES ('housing_trajectory', '2026-03-25T14:02:00.000Z', 73.3710, 'mhclg', 'seed_housing_trajectory_h23');
INSERT INTO indicator_observations (indicator_id, observed_at, value, source_id, payload_hash) VALUES ('housing_trajectory', '2026-03-26T14:02:00.000Z', 73.2147, 'mhclg', 'seed_housing_trajectory_h22');
INSERT INTO indicator_observations (indicator_id, observed_at, value, source_id, payload_hash) VALUES ('housing_trajectory', '2026-03-27T14:02:00.000Z', 72.0820, 'mhclg', 'seed_housing_trajectory_h21');
INSERT INTO indicator_observations (indicator_id, observed_at, value, source_id, payload_hash) VALUES ('housing_trajectory', '2026-03-28T14:02:00.000Z', 72.0530, 'mhclg', 'seed_housing_trajectory_h20');
INSERT INTO indicator_observations (indicator_id, observed_at, value, source_id, payload_hash) VALUES ('housing_trajectory', '2026-03-29T14:02:00.000Z', 73.6033, 'mhclg', 'seed_housing_trajectory_h19');
INSERT INTO indicator_observations (indicator_id, observed_at, value, source_id, payload_hash) VALUES ('housing_trajectory', '2026-03-30T14:02:00.000Z', 72.9041, 'mhclg', 'seed_housing_trajectory_h18');
INSERT INTO indicator_observations (indicator_id, observed_at, value, source_id, payload_hash) VALUES ('housing_trajectory', '2026-03-31T14:02:00.000Z', 71.7605, 'mhclg', 'seed_housing_trajectory_h17');
INSERT INTO indicator_observations (indicator_id, observed_at, value, source_id, payload_hash) VALUES ('housing_trajectory', '2026-04-01T14:02:00.000Z', 72.7528, 'mhclg', 'seed_housing_trajectory_h16');
INSERT INTO indicator_observations (indicator_id, observed_at, value, source_id, payload_hash) VALUES ('housing_trajectory', '2026-04-02T14:02:00.000Z', 72.3916, 'mhclg', 'seed_housing_trajectory_h15');
INSERT INTO indicator_observations (indicator_id, observed_at, value, source_id, payload_hash) VALUES ('housing_trajectory', '2026-04-03T14:02:00.000Z', 72.3120, 'mhclg', 'seed_housing_trajectory_h14');
INSERT INTO indicator_observations (indicator_id, observed_at, value, source_id, payload_hash) VALUES ('housing_trajectory', '2026-04-04T14:02:00.000Z', 72.7387, 'mhclg', 'seed_housing_trajectory_h13');
INSERT INTO indicator_observations (indicator_id, observed_at, value, source_id, payload_hash) VALUES ('housing_trajectory', '2026-04-05T14:02:00.000Z', 72.2596, 'mhclg', 'seed_housing_trajectory_h12');
INSERT INTO indicator_observations (indicator_id, observed_at, value, source_id, payload_hash) VALUES ('housing_trajectory', '2026-04-06T14:02:00.000Z', 71.8987, 'mhclg', 'seed_housing_trajectory_h11');
INSERT INTO indicator_observations (indicator_id, observed_at, value, source_id, payload_hash) VALUES ('housing_trajectory', '2026-04-07T14:02:00.000Z', 73.4971, 'mhclg', 'seed_housing_trajectory_h10');
INSERT INTO indicator_observations (indicator_id, observed_at, value, source_id, payload_hash) VALUES ('housing_trajectory', '2026-04-08T14:02:00.000Z', 71.8482, 'mhclg', 'seed_housing_trajectory_h9');
INSERT INTO indicator_observations (indicator_id, observed_at, value, source_id, payload_hash) VALUES ('housing_trajectory', '2026-04-09T14:02:00.000Z', 73.1790, 'mhclg', 'seed_housing_trajectory_h8');
INSERT INTO indicator_observations (indicator_id, observed_at, value, source_id, payload_hash) VALUES ('housing_trajectory', '2026-04-10T14:02:00.000Z', 72.0079, 'mhclg', 'seed_housing_trajectory_h7');
INSERT INTO indicator_observations (indicator_id, observed_at, value, source_id, payload_hash) VALUES ('housing_trajectory', '2026-04-11T14:02:00.000Z', 73.5442, 'mhclg', 'seed_housing_trajectory_h6');
INSERT INTO indicator_observations (indicator_id, observed_at, value, source_id, payload_hash) VALUES ('housing_trajectory', '2026-04-12T14:02:00.000Z', 72.8789, 'mhclg', 'seed_housing_trajectory_h5');
INSERT INTO indicator_observations (indicator_id, observed_at, value, source_id, payload_hash) VALUES ('housing_trajectory', '2026-04-13T14:02:00.000Z', 71.6056, 'mhclg', 'seed_housing_trajectory_h4');
INSERT INTO indicator_observations (indicator_id, observed_at, value, source_id, payload_hash) VALUES ('housing_trajectory', '2026-04-14T14:02:00.000Z', 73.3666, 'mhclg', 'seed_housing_trajectory_h3');
INSERT INTO indicator_observations (indicator_id, observed_at, value, source_id, payload_hash) VALUES ('housing_trajectory', '2026-04-15T14:02:00.000Z', 73.3962, 'mhclg', 'seed_housing_trajectory_h2');
INSERT INTO indicator_observations (indicator_id, observed_at, value, source_id, payload_hash) VALUES ('housing_trajectory', '2026-04-16T14:02:00.000Z', 73.0573, 'mhclg', 'seed_housing_trajectory_h1');
INSERT INTO indicator_observations (indicator_id, observed_at, value, source_id, payload_hash) VALUES ('planning_consents', '2026-04-17T14:02:00.000Z', 88.3, 'mhclg', 'seed_planning_consents');
INSERT INTO indicator_observations (indicator_id, observed_at, value, source_id, payload_hash) VALUES ('planning_consents', '2026-03-19T14:02:00.000Z', 88.9316, 'mhclg', 'seed_planning_consents_h29');
INSERT INTO indicator_observations (indicator_id, observed_at, value, source_id, payload_hash) VALUES ('planning_consents', '2026-03-20T14:02:00.000Z', 89.1177, 'mhclg', 'seed_planning_consents_h28');
INSERT INTO indicator_observations (indicator_id, observed_at, value, source_id, payload_hash) VALUES ('planning_consents', '2026-03-21T14:02:00.000Z', 88.2948, 'mhclg', 'seed_planning_consents_h27');
INSERT INTO indicator_observations (indicator_id, observed_at, value, source_id, payload_hash) VALUES ('planning_consents', '2026-03-22T14:02:00.000Z', 87.1873, 'mhclg', 'seed_planning_consents_h26');
INSERT INTO indicator_observations (indicator_id, observed_at, value, source_id, payload_hash) VALUES ('planning_consents', '2026-03-23T14:02:00.000Z', 88.6704, 'mhclg', 'seed_planning_consents_h25');
INSERT INTO indicator_observations (indicator_id, observed_at, value, source_id, payload_hash) VALUES ('planning_consents', '2026-03-24T14:02:00.000Z', 89.2377, 'mhclg', 'seed_planning_consents_h24');
INSERT INTO indicator_observations (indicator_id, observed_at, value, source_id, payload_hash) VALUES ('planning_consents', '2026-03-25T14:02:00.000Z', 89.0476, 'mhclg', 'seed_planning_consents_h23');
INSERT INTO indicator_observations (indicator_id, observed_at, value, source_id, payload_hash) VALUES ('planning_consents', '2026-03-26T14:02:00.000Z', 87.6700, 'mhclg', 'seed_planning_consents_h22');
INSERT INTO indicator_observations (indicator_id, observed_at, value, source_id, payload_hash) VALUES ('planning_consents', '2026-03-27T14:02:00.000Z', 87.6347, 'mhclg', 'seed_planning_consents_h21');
INSERT INTO indicator_observations (indicator_id, observed_at, value, source_id, payload_hash) VALUES ('planning_consents', '2026-03-28T14:02:00.000Z', 89.5203, 'mhclg', 'seed_planning_consents_h20');
INSERT INTO indicator_observations (indicator_id, observed_at, value, source_id, payload_hash) VALUES ('planning_consents', '2026-03-29T14:02:00.000Z', 88.6699, 'mhclg', 'seed_planning_consents_h19');
INSERT INTO indicator_observations (indicator_id, observed_at, value, source_id, payload_hash) VALUES ('planning_consents', '2026-03-30T14:02:00.000Z', 87.2790, 'mhclg', 'seed_planning_consents_h18');
INSERT INTO indicator_observations (indicator_id, observed_at, value, source_id, payload_hash) VALUES ('planning_consents', '2026-03-31T14:02:00.000Z', 88.4858, 'mhclg', 'seed_planning_consents_h17');
INSERT INTO indicator_observations (indicator_id, observed_at, value, source_id, payload_hash) VALUES ('planning_consents', '2026-04-01T14:02:00.000Z', 88.0465, 'mhclg', 'seed_planning_consents_h16');
INSERT INTO indicator_observations (indicator_id, observed_at, value, source_id, payload_hash) VALUES ('planning_consents', '2026-04-02T14:02:00.000Z', 87.9497, 'mhclg', 'seed_planning_consents_h15');
INSERT INTO indicator_observations (indicator_id, observed_at, value, source_id, payload_hash) VALUES ('planning_consents', '2026-04-03T14:02:00.000Z', 88.4687, 'mhclg', 'seed_planning_consents_h14');
INSERT INTO indicator_observations (indicator_id, observed_at, value, source_id, payload_hash) VALUES ('planning_consents', '2026-04-04T14:02:00.000Z', 87.8860, 'mhclg', 'seed_planning_consents_h13');
INSERT INTO indicator_observations (indicator_id, observed_at, value, source_id, payload_hash) VALUES ('planning_consents', '2026-04-05T14:02:00.000Z', 87.4470, 'mhclg', 'seed_planning_consents_h12');
INSERT INTO indicator_observations (indicator_id, observed_at, value, source_id, payload_hash) VALUES ('planning_consents', '2026-04-06T14:02:00.000Z', 89.3911, 'mhclg', 'seed_planning_consents_h11');
INSERT INTO indicator_observations (indicator_id, observed_at, value, source_id, payload_hash) VALUES ('planning_consents', '2026-04-07T14:02:00.000Z', 87.3857, 'mhclg', 'seed_planning_consents_h10');
INSERT INTO indicator_observations (indicator_id, observed_at, value, source_id, payload_hash) VALUES ('planning_consents', '2026-04-08T14:02:00.000Z', 89.0042, 'mhclg', 'seed_planning_consents_h9');
INSERT INTO indicator_observations (indicator_id, observed_at, value, source_id, payload_hash) VALUES ('planning_consents', '2026-04-09T14:02:00.000Z', 87.5799, 'mhclg', 'seed_planning_consents_h8');
INSERT INTO indicator_observations (indicator_id, observed_at, value, source_id, payload_hash) VALUES ('planning_consents', '2026-04-10T14:02:00.000Z', 89.4484, 'mhclg', 'seed_planning_consents_h7');
INSERT INTO indicator_observations (indicator_id, observed_at, value, source_id, payload_hash) VALUES ('planning_consents', '2026-04-11T14:02:00.000Z', 88.6392, 'mhclg', 'seed_planning_consents_h6');
INSERT INTO indicator_observations (indicator_id, observed_at, value, source_id, payload_hash) VALUES ('planning_consents', '2026-04-12T14:02:00.000Z', 87.0906, 'mhclg', 'seed_planning_consents_h5');
INSERT INTO indicator_observations (indicator_id, observed_at, value, source_id, payload_hash) VALUES ('planning_consents', '2026-04-13T14:02:00.000Z', 89.2323, 'mhclg', 'seed_planning_consents_h4');
INSERT INTO indicator_observations (indicator_id, observed_at, value, source_id, payload_hash) VALUES ('planning_consents', '2026-04-14T14:02:00.000Z', 89.2684, 'mhclg', 'seed_planning_consents_h3');
INSERT INTO indicator_observations (indicator_id, observed_at, value, source_id, payload_hash) VALUES ('planning_consents', '2026-04-15T14:02:00.000Z', 88.8562, 'mhclg', 'seed_planning_consents_h2');
INSERT INTO indicator_observations (indicator_id, observed_at, value, source_id, payload_hash) VALUES ('planning_consents', '2026-04-16T14:02:00.000Z', 89.5909, 'mhclg', 'seed_planning_consents_h1');
INSERT INTO indicator_observations (indicator_id, observed_at, value, source_id, payload_hash) VALUES ('new_towns_milestones', '2026-04-17T14:02:00.000Z', 68, 'gov_uk', 'seed_new_towns_milestones');
INSERT INTO indicator_observations (indicator_id, observed_at, value, source_id, payload_hash) VALUES ('new_towns_milestones', '2026-03-19T14:02:00.000Z', 68.9898, 'gov_uk', 'seed_new_towns_milestones_h29');
INSERT INTO indicator_observations (indicator_id, observed_at, value, source_id, payload_hash) VALUES ('new_towns_milestones', '2026-03-20T14:02:00.000Z', 67.8637, 'gov_uk', 'seed_new_towns_milestones_h28');
INSERT INTO indicator_observations (indicator_id, observed_at, value, source_id, payload_hash) VALUES ('new_towns_milestones', '2026-03-21T14:02:00.000Z', 67.1606, 'gov_uk', 'seed_new_towns_milestones_h27');
INSERT INTO indicator_observations (indicator_id, observed_at, value, source_id, payload_hash) VALUES ('new_towns_milestones', '2026-03-22T14:02:00.000Z', 68.4864, 'gov_uk', 'seed_new_towns_milestones_h26');
INSERT INTO indicator_observations (indicator_id, observed_at, value, source_id, payload_hash) VALUES ('new_towns_milestones', '2026-03-23T14:02:00.000Z', 68.6297, 'gov_uk', 'seed_new_towns_milestones_h25');
INSERT INTO indicator_observations (indicator_id, observed_at, value, source_id, payload_hash) VALUES ('new_towns_milestones', '2026-03-24T14:02:00.000Z', 67.9960, 'gov_uk', 'seed_new_towns_milestones_h24');
INSERT INTO indicator_observations (indicator_id, observed_at, value, source_id, payload_hash) VALUES ('new_towns_milestones', '2026-03-25T14:02:00.000Z', 67.1431, 'gov_uk', 'seed_new_towns_milestones_h23');
INSERT INTO indicator_observations (indicator_id, observed_at, value, source_id, payload_hash) VALUES ('new_towns_milestones', '2026-03-26T14:02:00.000Z', 68.2853, 'gov_uk', 'seed_new_towns_milestones_h22');
INSERT INTO indicator_observations (indicator_id, observed_at, value, source_id, payload_hash) VALUES ('new_towns_milestones', '2026-03-27T14:02:00.000Z', 68.7221, 'gov_uk', 'seed_new_towns_milestones_h21');
INSERT INTO indicator_observations (indicator_id, observed_at, value, source_id, payload_hash) VALUES ('new_towns_milestones', '2026-03-28T14:02:00.000Z', 68.5757, 'gov_uk', 'seed_new_towns_milestones_h20');
INSERT INTO indicator_observations (indicator_id, observed_at, value, source_id, payload_hash) VALUES ('new_towns_milestones', '2026-03-29T14:02:00.000Z', 67.5148, 'gov_uk', 'seed_new_towns_milestones_h19');
INSERT INTO indicator_observations (indicator_id, observed_at, value, source_id, payload_hash) VALUES ('new_towns_milestones', '2026-03-30T14:02:00.000Z', 67.4876, 'gov_uk', 'seed_new_towns_milestones_h18');
INSERT INTO indicator_observations (indicator_id, observed_at, value, source_id, payload_hash) VALUES ('new_towns_milestones', '2026-03-31T14:02:00.000Z', 68.9397, 'gov_uk', 'seed_new_towns_milestones_h17');
INSERT INTO indicator_observations (indicator_id, observed_at, value, source_id, payload_hash) VALUES ('new_towns_milestones', '2026-04-01T14:02:00.000Z', 68.2848, 'gov_uk', 'seed_new_towns_milestones_h16');
INSERT INTO indicator_observations (indicator_id, observed_at, value, source_id, payload_hash) VALUES ('new_towns_milestones', '2026-04-02T14:02:00.000Z', 67.2137, 'gov_uk', 'seed_new_towns_milestones_h15');
INSERT INTO indicator_observations (indicator_id, observed_at, value, source_id, payload_hash) VALUES ('new_towns_milestones', '2026-04-03T14:02:00.000Z', 68.1431, 'gov_uk', 'seed_new_towns_milestones_h14');
INSERT INTO indicator_observations (indicator_id, observed_at, value, source_id, payload_hash) VALUES ('new_towns_milestones', '2026-04-04T14:02:00.000Z', 67.8048, 'gov_uk', 'seed_new_towns_milestones_h13');
INSERT INTO indicator_observations (indicator_id, observed_at, value, source_id, payload_hash) VALUES ('new_towns_milestones', '2026-04-05T14:02:00.000Z', 67.7302, 'gov_uk', 'seed_new_towns_milestones_h12');
INSERT INTO indicator_observations (indicator_id, observed_at, value, source_id, payload_hash) VALUES ('new_towns_milestones', '2026-04-06T14:02:00.000Z', 68.1299, 'gov_uk', 'seed_new_towns_milestones_h11');
INSERT INTO indicator_observations (indicator_id, observed_at, value, source_id, payload_hash) VALUES ('new_towns_milestones', '2026-04-07T14:02:00.000Z', 67.6812, 'gov_uk', 'seed_new_towns_milestones_h10');
INSERT INTO indicator_observations (indicator_id, observed_at, value, source_id, payload_hash) VALUES ('new_towns_milestones', '2026-04-08T14:02:00.000Z', 67.3431, 'gov_uk', 'seed_new_towns_milestones_h9');
INSERT INTO indicator_observations (indicator_id, observed_at, value, source_id, payload_hash) VALUES ('new_towns_milestones', '2026-04-09T14:02:00.000Z', 68.8403, 'gov_uk', 'seed_new_towns_milestones_h8');
INSERT INTO indicator_observations (indicator_id, observed_at, value, source_id, payload_hash) VALUES ('new_towns_milestones', '2026-04-10T14:02:00.000Z', 67.2959, 'gov_uk', 'seed_new_towns_milestones_h7');
INSERT INTO indicator_observations (indicator_id, observed_at, value, source_id, payload_hash) VALUES ('new_towns_milestones', '2026-04-11T14:02:00.000Z', 68.5423, 'gov_uk', 'seed_new_towns_milestones_h6');
INSERT INTO indicator_observations (indicator_id, observed_at, value, source_id, payload_hash) VALUES ('new_towns_milestones', '2026-04-12T14:02:00.000Z', 67.4454, 'gov_uk', 'seed_new_towns_milestones_h5');
INSERT INTO indicator_observations (indicator_id, observed_at, value, source_id, payload_hash) VALUES ('new_towns_milestones', '2026-04-13T14:02:00.000Z', 68.8844, 'gov_uk', 'seed_new_towns_milestones_h4');
INSERT INTO indicator_observations (indicator_id, observed_at, value, source_id, payload_hash) VALUES ('new_towns_milestones', '2026-04-14T14:02:00.000Z', 68.2612, 'gov_uk', 'seed_new_towns_milestones_h3');
INSERT INTO indicator_observations (indicator_id, observed_at, value, source_id, payload_hash) VALUES ('new_towns_milestones', '2026-04-15T14:02:00.000Z', 67.0687, 'gov_uk', 'seed_new_towns_milestones_h2');
INSERT INTO indicator_observations (indicator_id, observed_at, value, source_id, payload_hash) VALUES ('new_towns_milestones', '2026-04-16T14:02:00.000Z', 68.7180, 'gov_uk', 'seed_new_towns_milestones_h1');
INSERT INTO indicator_observations (indicator_id, observed_at, value, source_id, payload_hash) VALUES ('bics_rollout', '2026-04-17T14:02:00.000Z', 81.4, 'desnz', 'seed_bics_rollout');
INSERT INTO indicator_observations (indicator_id, observed_at, value, source_id, payload_hash) VALUES ('bics_rollout', '2026-03-19T14:02:00.000Z', 82.2645, 'desnz', 'seed_bics_rollout_h29');
INSERT INTO indicator_observations (indicator_id, observed_at, value, source_id, payload_hash) VALUES ('bics_rollout', '2026-03-20T14:02:00.000Z', 82.0892, 'desnz', 'seed_bics_rollout_h28');
INSERT INTO indicator_observations (indicator_id, observed_at, value, source_id, payload_hash) VALUES ('bics_rollout', '2026-03-21T14:02:00.000Z', 80.8192, 'desnz', 'seed_bics_rollout_h27');
INSERT INTO indicator_observations (indicator_id, observed_at, value, source_id, payload_hash) VALUES ('bics_rollout', '2026-03-22T14:02:00.000Z', 80.7866, 'desnz', 'seed_bics_rollout_h26');
INSERT INTO indicator_observations (indicator_id, observed_at, value, source_id, payload_hash) VALUES ('bics_rollout', '2026-03-23T14:02:00.000Z', 82.5249, 'desnz', 'seed_bics_rollout_h25');
INSERT INTO indicator_observations (indicator_id, observed_at, value, source_id, payload_hash) VALUES ('bics_rollout', '2026-03-24T14:02:00.000Z', 81.7410, 'desnz', 'seed_bics_rollout_h24');
INSERT INTO indicator_observations (indicator_id, observed_at, value, source_id, payload_hash) VALUES ('bics_rollout', '2026-03-25T14:02:00.000Z', 80.4588, 'desnz', 'seed_bics_rollout_h23');
INSERT INTO indicator_observations (indicator_id, observed_at, value, source_id, payload_hash) VALUES ('bics_rollout', '2026-03-26T14:02:00.000Z', 81.5713, 'desnz', 'seed_bics_rollout_h22');
INSERT INTO indicator_observations (indicator_id, observed_at, value, source_id, payload_hash) VALUES ('bics_rollout', '2026-03-27T14:02:00.000Z', 81.1664, 'desnz', 'seed_bics_rollout_h21');
INSERT INTO indicator_observations (indicator_id, observed_at, value, source_id, payload_hash) VALUES ('bics_rollout', '2026-03-28T14:02:00.000Z', 81.0770, 'desnz', 'seed_bics_rollout_h20');
INSERT INTO indicator_observations (indicator_id, observed_at, value, source_id, payload_hash) VALUES ('bics_rollout', '2026-03-29T14:02:00.000Z', 81.5555, 'desnz', 'seed_bics_rollout_h19');
INSERT INTO indicator_observations (indicator_id, observed_at, value, source_id, payload_hash) VALUES ('bics_rollout', '2026-03-30T14:02:00.000Z', 81.0183, 'desnz', 'seed_bics_rollout_h18');
INSERT INTO indicator_observations (indicator_id, observed_at, value, source_id, payload_hash) VALUES ('bics_rollout', '2026-03-31T14:02:00.000Z', 80.6137, 'desnz', 'seed_bics_rollout_h17');
INSERT INTO indicator_observations (indicator_id, observed_at, value, source_id, payload_hash) VALUES ('bics_rollout', '2026-04-01T14:02:00.000Z', 82.4059, 'desnz', 'seed_bics_rollout_h16');
INSERT INTO indicator_observations (indicator_id, observed_at, value, source_id, payload_hash) VALUES ('bics_rollout', '2026-04-02T14:02:00.000Z', 80.5571, 'desnz', 'seed_bics_rollout_h15');
INSERT INTO indicator_observations (indicator_id, observed_at, value, source_id, payload_hash) VALUES ('bics_rollout', '2026-04-03T14:02:00.000Z', 82.0492, 'desnz', 'seed_bics_rollout_h14');
INSERT INTO indicator_observations (indicator_id, observed_at, value, source_id, payload_hash) VALUES ('bics_rollout', '2026-04-04T14:02:00.000Z', 80.7361, 'desnz', 'seed_bics_rollout_h13');
INSERT INTO indicator_observations (indicator_id, observed_at, value, source_id, payload_hash) VALUES ('bics_rollout', '2026-04-05T14:02:00.000Z', 82.4587, 'desnz', 'seed_bics_rollout_h12');
INSERT INTO indicator_observations (indicator_id, observed_at, value, source_id, payload_hash) VALUES ('bics_rollout', '2026-04-06T14:02:00.000Z', 81.7127, 'desnz', 'seed_bics_rollout_h11');
INSERT INTO indicator_observations (indicator_id, observed_at, value, source_id, payload_hash) VALUES ('bics_rollout', '2026-04-07T14:02:00.000Z', 80.2851, 'desnz', 'seed_bics_rollout_h10');
INSERT INTO indicator_observations (indicator_id, observed_at, value, source_id, payload_hash) VALUES ('bics_rollout', '2026-04-08T14:02:00.000Z', 82.2595, 'desnz', 'seed_bics_rollout_h9');
INSERT INTO indicator_observations (indicator_id, observed_at, value, source_id, payload_hash) VALUES ('bics_rollout', '2026-04-09T14:02:00.000Z', 82.2927, 'desnz', 'seed_bics_rollout_h8');
INSERT INTO indicator_observations (indicator_id, observed_at, value, source_id, payload_hash) VALUES ('bics_rollout', '2026-04-10T14:02:00.000Z', 81.9128, 'desnz', 'seed_bics_rollout_h7');
INSERT INTO indicator_observations (indicator_id, observed_at, value, source_id, payload_hash) VALUES ('bics_rollout', '2026-04-11T14:02:00.000Z', 82.5900, 'desnz', 'seed_bics_rollout_h6');
INSERT INTO indicator_observations (indicator_id, observed_at, value, source_id, payload_hash) VALUES ('bics_rollout', '2026-04-12T14:02:00.000Z', 80.7597, 'desnz', 'seed_bics_rollout_h5');
INSERT INTO indicator_observations (indicator_id, observed_at, value, source_id, payload_hash) VALUES ('bics_rollout', '2026-04-13T14:02:00.000Z', 81.2105, 'desnz', 'seed_bics_rollout_h4');
INSERT INTO indicator_observations (indicator_id, observed_at, value, source_id, payload_hash) VALUES ('bics_rollout', '2026-04-14T14:02:00.000Z', 81.0112, 'desnz', 'seed_bics_rollout_h3');
INSERT INTO indicator_observations (indicator_id, observed_at, value, source_id, payload_hash) VALUES ('bics_rollout', '2026-04-15T14:02:00.000Z', 82.2524, 'desnz', 'seed_bics_rollout_h2');
INSERT INTO indicator_observations (indicator_id, observed_at, value, source_id, payload_hash) VALUES ('bics_rollout', '2026-04-16T14:02:00.000Z', 81.1590, 'desnz', 'seed_bics_rollout_h1');
INSERT INTO indicator_observations (indicator_id, observed_at, value, source_id, payload_hash) VALUES ('industrial_strategy', '2026-04-17T14:02:00.000Z', 74, 'dbt', 'seed_industrial_strategy');
INSERT INTO indicator_observations (indicator_id, observed_at, value, source_id, payload_hash) VALUES ('industrial_strategy', '2026-03-19T14:02:00.000Z', 73.8517, 'dbt', 'seed_industrial_strategy_h29');
INSERT INTO indicator_observations (indicator_id, observed_at, value, source_id, payload_hash) VALUES ('industrial_strategy', '2026-03-20T14:02:00.000Z', 73.0865, 'dbt', 'seed_industrial_strategy_h28');
INSERT INTO indicator_observations (indicator_id, observed_at, value, source_id, payload_hash) VALUES ('industrial_strategy', '2026-03-21T14:02:00.000Z', 74.5293, 'dbt', 'seed_industrial_strategy_h27');
INSERT INTO indicator_observations (indicator_id, observed_at, value, source_id, payload_hash) VALUES ('industrial_strategy', '2026-03-22T14:02:00.000Z', 74.6853, 'dbt', 'seed_industrial_strategy_h26');
INSERT INTO indicator_observations (indicator_id, observed_at, value, source_id, payload_hash) VALUES ('industrial_strategy', '2026-03-23T14:02:00.000Z', 73.9956, 'dbt', 'seed_industrial_strategy_h25');
INSERT INTO indicator_observations (indicator_id, observed_at, value, source_id, payload_hash) VALUES ('industrial_strategy', '2026-03-24T14:02:00.000Z', 73.0675, 'dbt', 'seed_industrial_strategy_h24');
INSERT INTO indicator_observations (indicator_id, observed_at, value, source_id, payload_hash) VALUES ('industrial_strategy', '2026-03-25T14:02:00.000Z', 74.3104, 'dbt', 'seed_industrial_strategy_h23');
INSERT INTO indicator_observations (indicator_id, observed_at, value, source_id, payload_hash) VALUES ('industrial_strategy', '2026-03-26T14:02:00.000Z', 74.7859, 'dbt', 'seed_industrial_strategy_h22');
INSERT INTO indicator_observations (indicator_id, observed_at, value, source_id, payload_hash) VALUES ('industrial_strategy', '2026-03-27T14:02:00.000Z', 74.6265, 'dbt', 'seed_industrial_strategy_h21');
INSERT INTO indicator_observations (indicator_id, observed_at, value, source_id, payload_hash) VALUES ('industrial_strategy', '2026-03-28T14:02:00.000Z', 73.4720, 'dbt', 'seed_industrial_strategy_h20');
INSERT INTO indicator_observations (indicator_id, observed_at, value, source_id, payload_hash) VALUES ('industrial_strategy', '2026-03-29T14:02:00.000Z', 73.4424, 'dbt', 'seed_industrial_strategy_h19');
INSERT INTO indicator_observations (indicator_id, observed_at, value, source_id, payload_hash) VALUES ('industrial_strategy', '2026-03-30T14:02:00.000Z', 75.0227, 'dbt', 'seed_industrial_strategy_h18');
INSERT INTO indicator_observations (indicator_id, observed_at, value, source_id, payload_hash) VALUES ('industrial_strategy', '2026-03-31T14:02:00.000Z', 74.3100, 'dbt', 'seed_industrial_strategy_h17');
INSERT INTO indicator_observations (indicator_id, observed_at, value, source_id, payload_hash) VALUES ('industrial_strategy', '2026-04-01T14:02:00.000Z', 73.1444, 'dbt', 'seed_industrial_strategy_h16');
INSERT INTO indicator_observations (indicator_id, observed_at, value, source_id, payload_hash) VALUES ('industrial_strategy', '2026-04-02T14:02:00.000Z', 74.1557, 'dbt', 'seed_industrial_strategy_h15');
INSERT INTO indicator_observations (indicator_id, observed_at, value, source_id, payload_hash) VALUES ('industrial_strategy', '2026-04-03T14:02:00.000Z', 73.7876, 'dbt', 'seed_industrial_strategy_h14');
INSERT INTO indicator_observations (indicator_id, observed_at, value, source_id, payload_hash) VALUES ('industrial_strategy', '2026-04-04T14:02:00.000Z', 73.7064, 'dbt', 'seed_industrial_strategy_h13');
INSERT INTO indicator_observations (indicator_id, observed_at, value, source_id, payload_hash) VALUES ('industrial_strategy', '2026-04-05T14:02:00.000Z', 74.1414, 'dbt', 'seed_industrial_strategy_h12');
INSERT INTO indicator_observations (indicator_id, observed_at, value, source_id, payload_hash) VALUES ('industrial_strategy', '2026-04-06T14:02:00.000Z', 73.6530, 'dbt', 'seed_industrial_strategy_h11');
INSERT INTO indicator_observations (indicator_id, observed_at, value, source_id, payload_hash) VALUES ('industrial_strategy', '2026-04-07T14:02:00.000Z', 73.2851, 'dbt', 'seed_industrial_strategy_h10');
INSERT INTO indicator_observations (indicator_id, observed_at, value, source_id, payload_hash) VALUES ('industrial_strategy', '2026-04-08T14:02:00.000Z', 74.9144, 'dbt', 'seed_industrial_strategy_h9');
INSERT INTO indicator_observations (indicator_id, observed_at, value, source_id, payload_hash) VALUES ('industrial_strategy', '2026-04-09T14:02:00.000Z', 73.2337, 'dbt', 'seed_industrial_strategy_h8');
INSERT INTO indicator_observations (indicator_id, observed_at, value, source_id, payload_hash) VALUES ('industrial_strategy', '2026-04-10T14:02:00.000Z', 74.5902, 'dbt', 'seed_industrial_strategy_h7');
INSERT INTO indicator_observations (indicator_id, observed_at, value, source_id, payload_hash) VALUES ('industrial_strategy', '2026-04-11T14:02:00.000Z', 73.3965, 'dbt', 'seed_industrial_strategy_h6');
INSERT INTO indicator_observations (indicator_id, observed_at, value, source_id, payload_hash) VALUES ('industrial_strategy', '2026-04-12T14:02:00.000Z', 74.9624, 'dbt', 'seed_industrial_strategy_h5');
INSERT INTO indicator_observations (indicator_id, observed_at, value, source_id, payload_hash) VALUES ('industrial_strategy', '2026-04-13T14:02:00.000Z', 74.2843, 'dbt', 'seed_industrial_strategy_h4');
INSERT INTO indicator_observations (indicator_id, observed_at, value, source_id, payload_hash) VALUES ('industrial_strategy', '2026-04-14T14:02:00.000Z', 72.9865, 'dbt', 'seed_industrial_strategy_h3');
INSERT INTO indicator_observations (indicator_id, observed_at, value, source_id, payload_hash) VALUES ('industrial_strategy', '2026-04-15T14:02:00.000Z', 74.7814, 'dbt', 'seed_industrial_strategy_h2');
INSERT INTO indicator_observations (indicator_id, observed_at, value, source_id, payload_hash) VALUES ('industrial_strategy', '2026-04-16T14:02:00.000Z', 74.8115, 'dbt', 'seed_industrial_strategy_h1');
INSERT INTO indicator_observations (indicator_id, observed_at, value, source_id, payload_hash) VALUES ('smr_programme', '2026-04-17T14:02:00.000Z', 62, 'gov_uk', 'seed_smr_programme');
INSERT INTO indicator_observations (indicator_id, observed_at, value, source_id, payload_hash) VALUES ('smr_programme', '2026-03-19T14:02:00.000Z', 62.2601, 'gov_uk', 'seed_smr_programme_h29');
INSERT INTO indicator_observations (indicator_id, observed_at, value, source_id, payload_hash) VALUES ('smr_programme', '2026-03-20T14:02:00.000Z', 62.6584, 'gov_uk', 'seed_smr_programme_h28');
INSERT INTO indicator_observations (indicator_id, observed_at, value, source_id, payload_hash) VALUES ('smr_programme', '2026-03-21T14:02:00.000Z', 62.5249, 'gov_uk', 'seed_smr_programme_h27');
INSERT INTO indicator_observations (indicator_id, observed_at, value, source_id, payload_hash) VALUES ('smr_programme', '2026-03-22T14:02:00.000Z', 61.5576, 'gov_uk', 'seed_smr_programme_h26');
INSERT INTO indicator_observations (indicator_id, observed_at, value, source_id, payload_hash) VALUES ('smr_programme', '2026-03-23T14:02:00.000Z', 61.5328, 'gov_uk', 'seed_smr_programme_h25');
INSERT INTO indicator_observations (indicator_id, observed_at, value, source_id, payload_hash) VALUES ('smr_programme', '2026-03-24T14:02:00.000Z', 62.8568, 'gov_uk', 'seed_smr_programme_h24');
INSERT INTO indicator_observations (indicator_id, observed_at, value, source_id, payload_hash) VALUES ('smr_programme', '2026-03-25T14:02:00.000Z', 62.2597, 'gov_uk', 'seed_smr_programme_h23');
INSERT INTO indicator_observations (indicator_id, observed_at, value, source_id, payload_hash) VALUES ('smr_programme', '2026-03-26T14:02:00.000Z', 61.2831, 'gov_uk', 'seed_smr_programme_h22');
INSERT INTO indicator_observations (indicator_id, observed_at, value, source_id, payload_hash) VALUES ('smr_programme', '2026-03-27T14:02:00.000Z', 62.1305, 'gov_uk', 'seed_smr_programme_h21');
INSERT INTO indicator_observations (indicator_id, observed_at, value, source_id, payload_hash) VALUES ('smr_programme', '2026-03-28T14:02:00.000Z', 61.8220, 'gov_uk', 'seed_smr_programme_h20');
INSERT INTO indicator_observations (indicator_id, observed_at, value, source_id, payload_hash) VALUES ('smr_programme', '2026-03-29T14:02:00.000Z', 61.7540, 'gov_uk', 'seed_smr_programme_h19');
INSERT INTO indicator_observations (indicator_id, observed_at, value, source_id, payload_hash) VALUES ('smr_programme', '2026-03-30T14:02:00.000Z', 62.1184, 'gov_uk', 'seed_smr_programme_h18');
INSERT INTO indicator_observations (indicator_id, observed_at, value, source_id, payload_hash) VALUES ('smr_programme', '2026-03-31T14:02:00.000Z', 61.7093, 'gov_uk', 'seed_smr_programme_h17');
INSERT INTO indicator_observations (indicator_id, observed_at, value, source_id, payload_hash) VALUES ('smr_programme', '2026-04-01T14:02:00.000Z', 61.4011, 'gov_uk', 'seed_smr_programme_h16');
INSERT INTO indicator_observations (indicator_id, observed_at, value, source_id, payload_hash) VALUES ('smr_programme', '2026-04-02T14:02:00.000Z', 62.7661, 'gov_uk', 'seed_smr_programme_h15');
INSERT INTO indicator_observations (indicator_id, observed_at, value, source_id, payload_hash) VALUES ('smr_programme', '2026-04-03T14:02:00.000Z', 61.3580, 'gov_uk', 'seed_smr_programme_h14');
INSERT INTO indicator_observations (indicator_id, observed_at, value, source_id, payload_hash) VALUES ('smr_programme', '2026-04-04T14:02:00.000Z', 62.4945, 'gov_uk', 'seed_smr_programme_h13');
INSERT INTO indicator_observations (indicator_id, observed_at, value, source_id, payload_hash) VALUES ('smr_programme', '2026-04-05T14:02:00.000Z', 61.4944, 'gov_uk', 'seed_smr_programme_h12');
INSERT INTO indicator_observations (indicator_id, observed_at, value, source_id, payload_hash) VALUES ('smr_programme', '2026-04-06T14:02:00.000Z', 62.8064, 'gov_uk', 'seed_smr_programme_h11');
INSERT INTO indicator_observations (indicator_id, observed_at, value, source_id, payload_hash) VALUES ('smr_programme', '2026-04-07T14:02:00.000Z', 62.2382, 'gov_uk', 'seed_smr_programme_h10');
INSERT INTO indicator_observations (indicator_id, observed_at, value, source_id, payload_hash) VALUES ('smr_programme', '2026-04-08T14:02:00.000Z', 61.1508, 'gov_uk', 'seed_smr_programme_h9');
INSERT INTO indicator_observations (indicator_id, observed_at, value, source_id, payload_hash) VALUES ('smr_programme', '2026-04-09T14:02:00.000Z', 62.6546, 'gov_uk', 'seed_smr_programme_h8');
INSERT INTO indicator_observations (indicator_id, observed_at, value, source_id, payload_hash) VALUES ('smr_programme', '2026-04-10T14:02:00.000Z', 62.6799, 'gov_uk', 'seed_smr_programme_h7');
INSERT INTO indicator_observations (indicator_id, observed_at, value, source_id, payload_hash) VALUES ('smr_programme', '2026-04-11T14:02:00.000Z', 62.3906, 'gov_uk', 'seed_smr_programme_h6');
INSERT INTO indicator_observations (indicator_id, observed_at, value, source_id, payload_hash) VALUES ('smr_programme', '2026-04-12T14:02:00.000Z', 62.9064, 'gov_uk', 'seed_smr_programme_h5');
INSERT INTO indicator_observations (indicator_id, observed_at, value, source_id, payload_hash) VALUES ('smr_programme', '2026-04-13T14:02:00.000Z', 61.5123, 'gov_uk', 'seed_smr_programme_h4');
INSERT INTO indicator_observations (indicator_id, observed_at, value, source_id, payload_hash) VALUES ('smr_programme', '2026-04-14T14:02:00.000Z', 61.8557, 'gov_uk', 'seed_smr_programme_h3');
INSERT INTO indicator_observations (indicator_id, observed_at, value, source_id, payload_hash) VALUES ('smr_programme', '2026-04-15T14:02:00.000Z', 61.7039, 'gov_uk', 'seed_smr_programme_h2');
INSERT INTO indicator_observations (indicator_id, observed_at, value, source_id, payload_hash) VALUES ('smr_programme', '2026-04-16T14:02:00.000Z', 62.6493, 'gov_uk', 'seed_smr_programme_h1');

INSERT INTO delivery_commitments (id, name, department, latest, target, status, source_url, source_label, notes, updated_at, sort_order) VALUES ('housing_305k', 'Net housing additions toward 305k/year by 2030/31', 'MHCLG', 'Live indicator: Q4 2025 completions × 4 = 146,880 vs 300k OBR working assumption (49%). Annual NAD FY24/25: 221,400 vs 305k Labour target (73%).', 'OBR path: 305k by 2030/31', 'slipping', 'https://www.gov.uk/government/statistical-data-sets/live-tables-on-house-building', 'MHCLG live tables', 'Two complementary measures of housing delivery. (1) The live indicator uses ''Completions, seasonally adjusted'' from the MHCLG Housing supply quarterly release — a quarterly cadence we annualise (×4) and compare against the 300,000-per-year OBR working assumption documented in the EFO supplementary tables. (2) The annual headline figure is ''Net additional dwellings'' from MHCLG Live Tables 211, a broader measure that includes change-of-use and conversions, published once a year (FY24/25 was 221,400). The 305k-by-2030/31 path target is the Labour government''s headline pledge; OBR''s 300k working assumption is what the live indicator benchmarks against to keep continuity with pre-Labour trajectory analysis. Showing both because they tell the same story at different sampling rates and at slightly different scope.', '2026-04-27T12:00:00.000Z', 10);
INSERT INTO delivery_commitments (id, name, department, latest, target, status, source_url, source_label, notes, updated_at, sort_order) VALUES ('new_towns', 'Seven new towns -- designation and first spade', 'DLUHC', '3 of 7 designated, 0 of 7 first-spade', 'Target: all designated 2026', 'on_track', 'https://www.gov.uk/government/groups/the-new-towns-taskforce', 'New Towns Taskforce', 'Taskforce interim report and designations list. First-spade status is tracked in quarterly DLUHC progress updates; we count only sites with confirmed development consent orders.', '2026-04-17T14:02:00.000Z', 20);
INSERT INTO delivery_commitments (id, name, department, latest, target, status, source_url, source_label, notes, updated_at, sort_order) VALUES ('bics_rollout', 'British Industrial Competitiveness Scheme rollout', 'DESNZ', '8,140 firms onboarded, target >10,000 by Apr 2027', 'Up to 25% electricity relief', 'on_track', 'https://www.gov.uk/government/organisations/department-for-energy-security-and-net-zero', 'DESNZ (scheme page)', 'Onboarded-firms count from DESNZ monthly BICS update letters and quarterly ministerial statements to the House. There is no single machine-readable dashboard yet; see the DESNZ homepage for the latest statement.', '2026-04-17T14:02:00.000Z', 30);
INSERT INTO delivery_commitments (id, name, department, latest, target, status, source_url, source_label, notes, updated_at, sort_order) VALUES ('smr_fleet', 'Small Modular Reactor fleet, first site selected', 'GBE', 'Shortlist of 3 sites, final FID slipped to Q3', 'Original target: Q1 2026', 'slipping', 'https://www.gov.uk/government/organisations/great-british-energy', 'Great British Energy', 'Site shortlist and FID dates tracked via Great British Nuclear ministerial updates. Latest status is the most recent SMR programme announcement on the GBE page.', '2026-04-17T14:02:00.000Z', 40);
INSERT INTO delivery_commitments (id, name, department, latest, target, status, source_url, source_label, notes, updated_at, sort_order) VALUES ('planning_bill', 'Planning and Infrastructure Bill -- Royal Assent', 'Parliament', 'Received Royal Assent 18 Dec 2025', 'Commitment delivered', 'shipped', 'https://www.legislation.gov.uk/ukpga/2025/34/enacted', 'Planning & Infrastructure Act 2025', 'Full enacted text on legislation.gov.uk. Stage-by-stage parliamentary record at bills.parliament.uk/bills/3946. Royal Assent 18 December 2025.', '2026-04-17T14:02:00.000Z', 50);
INSERT INTO delivery_commitments (id, name, department, latest, target, status, source_url, source_label, notes, updated_at, sort_order) VALUES ('keep_britain_working', 'Keep Britain Working -- health-related inactivity', 'DWP', '2.81m, effectively unchanged from 2.80m at launch', 'Stated ambition: meaningful reduction by 2027', 'missed', 'https://www.gov.uk/government/organisations/department-for-work-pensions', 'DWP', 'Inactivity-due-to-long-term-sickness numbers come from ONS Labour Force Survey (series LF69, LFS: Econ. inactivity reasons: Long Term Sick: UK: 16-64). The policy target is set out in the DWP ''Get Britain Working'' white paper; the rolling figure is against that baseline.', '2026-04-17T14:02:00.000Z', 60);
INSERT INTO delivery_commitments (id, name, department, latest, target, status, source_url, source_label, notes, updated_at, sort_order) VALUES ('sizewell_c', 'Sizewell C -- construction milestones', 'DESNZ', 'Main civils underway, on schedule vs. 2024 baseline', 'Commissioning late 2030s', 'on_track', 'https://www.sizewellc.com/', 'Sizewell C project', 'Milestone status from the project''s quarterly updates. Spending profile cross-referenced against DESNZ annual report and OBR EFO Box on NPP programme costs.', '2026-04-17T14:02:00.000Z', 70);
INSERT INTO delivery_commitments (id, name, department, latest, target, status, source_url, source_label, notes, updated_at, sort_order) VALUES ('grid_connections', 'Grid connections reform -- queue reduction', 'DESNZ/NESO', 'Queue re-ordered, first cohort through in Q1', 'End "first come first served" by 2026', 'on_track', 'https://www.neso.energy/', 'NESO (connections reform)', 'Queue-reform progress comes from NESO''s Connections Reform programme updates. Confirm via the most recent TMO4+ milestone report on the NESO site.', '2026-04-17T14:02:00.000Z', 80);

INSERT INTO timeline_events (id, event_date, title, summary, category, source_label, source_url) VALUES ('t_2026_04_22', '2026-04-22', 'March CPI rises to 3.3%, BoE path under scrutiny', 'ONS releases March 2026 CPI inflation data showing headline CPI at 3.3% YoY (up from ~3.0% in February), driven by lingering energy and petrol price effects from the Iran conflict period. Markets price in a more cautious BoE path ahead of the 30 April MPC decision; gilt yields stabilise but remain elevated.', 'fiscal', 'ONS Consumer price inflation', 'https://www.ons.gov.uk/economy/inflationandpriceindices/bulletins/consumerpriceinflation/latest');
INSERT INTO timeline_events (id, event_date, title, summary, category, source_label, source_url) VALUES ('t_2026_04_21', '2026-04-21', 'Resolution Foundation: conflict could erase £16bn of headroom', 'Resolution Foundation warns that a prolonged or severe Middle East conflict could erase up to £16bn of the Chancellor''s current-budget headroom — almost three-quarters of the March OBR cushion — via higher energy prices, inflation, and debt interest. Report highlights fiscal vulnerability even under the current ceasefire.', 'fiscal', 'Resolution Foundation', 'https://www.resolutionfoundation.org/publications/');
INSERT INTO timeline_events (id, event_date, title, summary, category, source_label, source_url) VALUES ('t_2026_04_08', '2026-04-08', 'US, Israel and Iran agree conditional ceasefire', 'US, Israel and Iran agree a conditional two-week ceasefire; UK Foreign Secretary and international finance ministers welcome the de-escalation, citing restored Strait of Hormuz shipping and falling oil and gas prices. Initial market relief begins, setting the stage for sterling''s recovery to pre-war levels by 17 April.', 'geopolitical', 'Foreign Office / gov.uk', 'https://www.gov.uk/government/organisations/foreign-commonwealth-development-office');
INSERT INTO timeline_events (id, event_date, title, summary, category, source_label, source_url) VALUES ('t_2026_04_17', '2026-04-17', 'Sterling recovers to pre-war levels', 'GBP/USD back near 1.2400 as the Iran ceasefire holds and Strait of Hormuz shipping normalises. Oil and UK gas sell off sharply. BoE officials nonetheless stress inflation control remains the priority.', 'market', 'Bank of England exchange rates', 'https://www.bankofengland.co.uk/statistics/exchange-rates');
INSERT INTO timeline_events (id, event_date, title, summary, category, source_label, source_url) VALUES ('t_2026_04_16', '2026-04-16', 'Reeves rules out tax rises or borrowing for extra defence spending', 'Chancellor tells reporters additional defence outlays up to the 3.5% commitment will not be funded by more borrowing or higher taxes, pointing the pressure back at welfare and departmental restraint.', 'fiscal', 'HM Treasury news', 'https://www.gov.uk/government/organisations/hm-treasury');
INSERT INTO timeline_events (id, event_date, title, summary, category, source_label, source_url) VALUES ('t_2026_03_03', '2026-03-03', 'OBR Spring Forecast: headroom 23.6bn, GDP cut to 1.1%', 'Current-budget headroom ticks up from 22.0bn at the November Budget. 2026 growth downgraded from 1.4%. IMF subsequently cuts to 0.8% citing the Middle East shock.', 'fiscal', 'OBR EFO', 'https://obr.uk/efo/');
INSERT INTO timeline_events (id, event_date, title, summary, category, source_label, source_url) VALUES ('t_2026_02_28', '2026-02-28', 'Iran conflict begins, energy shock lands', 'UK natural gas front-month jumps 38% inside a week. 30y gilts break 5.5% for the first time since 1998. Tightrope Score moves from 51 to 68 over four trading sessions.', 'geopolitical', 'BoE markets', 'https://www.bankofengland.co.uk/markets');
INSERT INTO timeline_events (id, event_date, title, summary, category, source_label, source_url) VALUES ('t_2025_12_18', '2025-12-18', 'Planning & Infrastructure Bill receives Royal Assent', 'Landmark reform of the planning system passes both houses with cross-bench support; commencement orders expected by late spring.', 'delivery', 'Planning & Infrastructure Act 2025', 'https://www.legislation.gov.uk/ukpga/2025/34/enacted');
INSERT INTO timeline_events (id, event_date, title, summary, category, source_label, source_url) VALUES ('t_2026_02_12', '2026-02-12', 'BoE cuts Bank Rate to 3.75%', '7-2 vote. MPC minutes emphasise inflation persistence; markets trim the 2026 cut path.', 'monetary', 'BoE MPC minutes', 'https://www.bankofengland.co.uk/monetary-policy-summary-and-minutes');
INSERT INTO timeline_events (id, event_date, title, summary, category, source_label, source_url) VALUES ('t_2025_11', '2025-11-26', 'Autumn Budget: 22.0bn headroom restored', 'Combination of receipts upgrade and tighter departmental envelope rebuilds the cushion after the March 2025 crunch (9.9bn).', 'fiscal', 'HM Treasury', 'https://www.gov.uk/government/organisations/hm-treasury');
INSERT INTO timeline_events (id, event_date, title, summary, category, source_label, source_url) VALUES ('t_2025_09', '2025-09-18', 'BoE holds Bank Rate at 4.00%, starts reducing gilt sales', 'QT pace pared back; MPC cites technical market conditions rather than policy loosening.', 'monetary', 'BoE MPC minutes', 'https://www.bankofengland.co.uk/monetary-policy-summary-and-minutes');
INSERT INTO timeline_events (id, event_date, title, summary, category, source_label, source_url) VALUES ('t_2025_06', '2025-06-10', 'Industrial Strategy white paper published', 'Sets out eight priority sectors and the British Industrial Competitiveness Scheme framework.', 'policy', 'DBT', 'https://www.gov.uk/government/organisations/department-for-business-and-trade');
INSERT INTO timeline_events (id, event_date, title, summary, category, source_label, source_url) VALUES ('t_2025_03', '2025-03-26', 'OBR Spring Forecast: headroom collapses to 9.9bn', 'The crunch. Gilts reprice and the Chancellor promises restoration in the next fiscal event.', 'fiscal', 'OBR EFO', 'https://obr.uk/efo/');
INSERT INTO timeline_events (id, event_date, title, summary, category, source_label, source_url) VALUES ('t_2024_10', '2024-10-30', 'First Reeves Budget: 22.0bn headroom set', 'Opening fiscal envelope. Employer NICs rise, capital budgets reprioritised toward infrastructure.', 'fiscal', 'HM Treasury', 'https://www.gov.uk/government/organisations/hm-treasury');
INSERT INTO timeline_events (id, event_date, title, summary, category, source_label, source_url) VALUES ('t_2024_07_29', '2024-07-29', 'Reeves alleges 22bn fiscal black hole', 'Chancellor''s Public Spending Inheritance statement to the Commons claims an unfunded 22bn pressure on the 2024-25 fiscal envelope, sets up the trade-offs that frame the October Budget.', 'fiscal', 'HM Treasury', 'https://www.gov.uk/government/speeches/public-spending-inheritance');
INSERT INTO timeline_events (id, event_date, title, summary, category, source_label, source_url) VALUES ('t_2024_07_04', '2024-07-04', 'UK general election: Labour wins majority', 'Polls close on the 2024 UK general election. Labour returned with a majority of 174 seats; Keir Starmer takes office 5 July, Rachel Reeves becomes Chancellor — first fiscal event scheduled for late October.', 'fiscal', 'UK Parliament', 'https://members.parliament.uk/parties/Commons');

INSERT INTO today_movements (indicator_id, label, latest_value, display_value, change, change_pct, change_display, direction, worsening, sparkline, gloss, observed_at) VALUES ('gilt_10y', '10y gilt', 4.78, '4.78%', 0.06, 1.27, '+6 bp', 'up', 1, '[4.7,4.71,4.72,4.73,4.74,4.74,4.76,4.78]', 'Above the 4.7% MPC comfort zone.', '2026-04-17T14:02:00.000Z');
INSERT INTO today_movements (indicator_id, label, latest_value, display_value, change, change_pct, change_display, direction, worsening, sparkline, gloss, observed_at) VALUES ('gilt_30y', '30y gilt', 5.73, '5.73%', 0.09, 1.6, '+9 bp', 'up', 1, '[5.58,5.6,5.62,5.65,5.68,5.7,5.71,5.73]', 'Fresh multi-decade high.', '2026-04-17T14:02:00.000Z');
INSERT INTO today_movements (indicator_id, label, latest_value, display_value, change, change_pct, change_display, direction, worsening, sparkline, gloss, observed_at) VALUES ('gbp_usd', 'GBP / USD', 1.2418, '1.2418', -0.0042, -0.34, '-0.34%', 'down', 1, '[1.2475,1.246,1.245,1.244,1.243,1.2425,1.242,1.2418]', 'Off pre-war highs, BoE dovish repricing.', '2026-04-17T14:02:00.000Z');
INSERT INTO today_movements (indicator_id, label, latest_value, display_value, change, change_pct, change_display, direction, worsening, sparkline, gloss, observed_at) VALUES ('ftse_250', 'FTSE 250', 19842, '19,842', -164, -0.82, '-0.82%', 'down', 1, '[20020,19980,19950,19910,19900,19880,19860,19842]', 'Domestic names leading the fall.', '2026-04-17T14:02:00.000Z');
INSERT INTO today_movements (indicator_id, label, latest_value, display_value, change, change_pct, change_display, direction, worsening, sparkline, gloss, observed_at) VALUES ('gas_m1', 'UK gas M+1', 118, '118 p/th', -5.04, -4.1, '-4.1%', 'down', 0, '[126,124,123,122,121,120,119,118]', 'Ceasefire relief, still 41% YoY.', '2026-04-17T14:02:00.000Z');
INSERT INTO today_movements (indicator_id, label, latest_value, display_value, change, change_pct, change_display, direction, worsening, sparkline, gloss, observed_at) VALUES ('sonia_12m', 'SONIA 12m', 3.92, '3.92%', -0.03, -0.76, '-3 bp', 'down', 0, '[3.97,3.96,3.96,3.95,3.94,3.93,3.93,3.92]', 'One cut priced by September.', '2026-04-17T14:02:00.000Z');

INSERT INTO ingestion_audit (id, source_id, started_at, completed_at, status, rows_written, source_url) VALUES ('seed_0001', 'seed', '2026-04-17T14:02:00.000Z', '2026-04-17T14:02:00.000Z', 'success', 35, 'local://seed');
